source_object,evidence_id,graph_object_type,graph_object_id,ir_object_id,question_or_decision,generated_code_location,validation_result
Architecture Diagram to IaC Compiler.pptx:slide1.xml:2,ev-e2a4c88a41c47cf9,node,ev-e2a4c88a41c47cf9,ev-e2a4c88a41c47cf9,question:DECORATIVE_SHAPE_UNLABELED,main.bicep#L44,passed
Architecture Diagram to IaC Compiler.pptx:slide1.xml:3,ev-ed92313deac11960,node,ev-ed92313deac11960,ev-ed92313deac11960,question:DECORATIVE_SHAPE_UNLABELED,main.bicep#L52,passed
Architecture Diagram to IaC Compiler.pptx:slide1.xml:4,ev-a6b2ceb5d70c14eb,node,ev-a6b2ceb5d70c14eb,ev-a6b2ceb5d70c14eb,none,main.bicep#L60,passed
Architecture Diagram to IaC Compiler.pptx:slide1.xml:5,ev-6eb7cfca153ab386,node,ev-6eb7cfca153ab386,ev-6eb7cfca153ab386,none,main.bicep#L68,passed
Architecture Diagram to IaC Compiler.pptx:slide1.xml:6,ev-d75715e51f99c0a2,node,ev-d75715e51f99c0a2,ev-d75715e51f99c0a2,none,main.bicep#L76,passed
Architecture Diagram to IaC Compiler.pptx:slide1.xml:7,ev-e7bbd27415313083,node,ev-e7bbd27415313083,ev-e7bbd27415313083,question:DECORATIVE_SHAPE_UNLABELED,main.bicep#L84,passed
Architecture Diagram to IaC Compiler.pptx:slide1.xml:9,ev-f37f516dcc2283f7,node,ev-f37f516dcc2283f7,ev-f37f516dcc2283f7,none,main.bicep#L92,passed
Architecture Diagram to IaC Compiler.pptx:slide1.xml:10,ev-f294fc68ec30c8a6,edge,ev-f294fc68ec30c8a6,,question:LOW_EDGE_CONFIDENCE,main.bicep#L4104,passed
Architecture Diagram to IaC Compiler.pptx:slide1.xml:11,ev-80832789e09e270c,node,ev-80832789e09e270c,ev-80832789e09e270c,question:DECORATIVE_SHAPE_UNLABELED,main.bicep#L100,passed
Architecture Diagram to IaC Compiler.pptx:slide1.xml:13,ev-bfd5f1f4d71ab858,node,ev-bfd5f1f4d71ab858,ev-bfd5f1f4d71ab858,none,main.bicep#L108,passed
Architecture Diagram to IaC Compiler.pptx:slide1.xml:14,ev-6907beb8ef5e2047,edge,ev-6907beb8ef5e2047,,question:LOW_EDGE_CONFIDENCE,main.bicep#L4110,passed
Architecture Diagram to IaC Compiler.pptx:slide1.xml:15,ev-cb1db3b6c4035827,node,ev-cb1db3b6c4035827,ev-cb1db3b6c4035827,question:DECORATIVE_SHAPE_UNLABELED,main.bicep#L116,passed
Architecture Diagram to IaC Compiler.pptx:slide1.xml:17,ev-addd063f8f36ff9d,node,ev-addd063f8f36ff9d,ev-addd063f8f36ff9d,none,main.bicep#L124,passed
Architecture Diagram to IaC Compiler.pptx:slide1.xml:18,ev-c25a6d3808371d64,node,ev-c25a6d3808371d64,ev-c25a6d3808371d64,none,main.bicep#L132,passed
Architecture Diagram to IaC Compiler.pptx:slide2.xml:2,ev-ddfc1d3819167850,node,ev-ddfc1d3819167850,ev-ddfc1d3819167850,question:DECORATIVE_SHAPE_UNLABELED,main.bicep#L140,passed
Architecture Diagram to IaC Compiler.pptx:slide2.xml:3,ev-e72bc9edb9af42b3,node,ev-e72bc9edb9af42b3,ev-e72bc9edb9af42b3,question:DECORATIVE_SHAPE_UNLABELED,main.bicep#L148,passed
Architecture Diagram to IaC Compiler.pptx:slide2.xml:4,ev-8f958d83277b58c6,node,ev-8f958d83277b58c6,ev-8f958d83277b58c6,none,main.bicep#L156,passed
Architecture Diagram to IaC Compiler.pptx:slide2.xml:5,ev-3f465fa849a1dc4c,node,ev-3f465fa849a1dc4c,ev-3f465fa849a1dc4c,none,main.bicep#L164,passed
Architecture Diagram to IaC Compiler.pptx:slide2.xml:6,ev-d67160c27a1e5e26,node,ev-d67160c27a1e5e26,ev-d67160c27a1e5e26,question:DECORATIVE_SHAPE_UNLABELED,main.bicep#L172,passed
Architecture Diagram to IaC Compiler.pptx:slide2.xml:7,ev-64992b0d5c04e2c9,node,ev-64992b0d5c04e2c9,ev-64992b0d5c04e2c9,question:DECORATIVE_SHAPE_UNLABELED,main.bicep#L180,passed
Architecture Diagram to IaC Compiler.pptx:slide2.xml:8,ev-9cd0884f3089d3a3,node,ev-9cd0884f3089d3a3,ev-9cd0884f3089d3a3,none,main.bicep#L188,passed
Architecture Diagram to IaC Compiler.pptx:slide2.xml:9,ev-38f995ea5e930b70,node,ev-38f995ea5e930b70,ev-38f995ea5e930b70,question:DECORATIVE_SHAPE_UNLABELED,main.bicep#L196,passed
Architecture Diagram to IaC Compiler.pptx:slide2.xml:10,ev-26ca855c0710855f,node,ev-26ca855c0710855f,ev-26ca855c0710855f,question:DECORATIVE_SHAPE_UNLABELED,main.bicep#L204,passed
Architecture Diagram to IaC Compiler.pptx:slide2.xml:12,ev-d06da05cdcf7afe9,node,ev-d06da05cdcf7afe9,ev-d06da05cdcf7afe9,none,main.bicep#L212,passed
Architecture Diagram to IaC Compiler.pptx:slide2.xml:13,ev-cd6706bd41128bb8,node,ev-cd6706bd41128bb8,ev-cd6706bd41128bb8,none,main.bicep#L220,passed
Architecture Diagram to IaC Compiler.pptx:slide2.xml:14,ev-d1d57a724b74e884,node,ev-d1d57a724b74e884,ev-d1d57a724b74e884,question:DECORATIVE_SHAPE_UNLABELED,main.bicep#L228,passed
Architecture Diagram to IaC Compiler.pptx:slide2.xml:15,ev-9eae2f6830dd99c5,node,ev-9eae2f6830dd99c5,ev-9eae2f6830dd99c5,question:DECORATIVE_SHAPE_UNLABELED,main.bicep#L236,passed
Architecture Diagram to IaC Compiler.pptx:slide2.xml:17,ev-da0f5ca23165009d,node,ev-da0f5ca23165009d,ev-da0f5ca23165009d,none,main.bicep#L244,passed
Architecture Diagram to IaC Compiler.pptx:slide2.xml:18,ev-a8ca7f73472992f4,node,ev-a8ca7f73472992f4,ev-a8ca7f73472992f4,none,main.bicep#L252,passed
Architecture Diagram to IaC Compiler.pptx:slide2.xml:19,ev-efee66efc49fb67e,node,ev-efee66efc49fb67e,ev-efee66efc49fb67e,question:DECORATIVE_SHAPE_UNLABELED,main.bicep#L260,passed
Architecture Diagram to IaC Compiler.pptx:slide2.xml:20,ev-ebf2d9712bd32072,node,ev-ebf2d9712bd32072,ev-ebf2d9712bd32072,question:DECORATIVE_SHAPE_UNLABELED,main.bicep#L268,passed
Architecture Diagram to IaC Compiler.pptx:slide2.xml:22,ev-6ee560530731e4b4,node,ev-6ee560530731e4b4,ev-6ee560530731e4b4,none,main.bicep#L276,passed
Architecture Diagram to IaC Compiler.pptx:slide2.xml:23,ev-a0f4c4b62c417471,node,ev-a0f4c4b62c417471,ev-a0f4c4b62c417471,none,main.bicep#L284,passed
Architecture Diagram to IaC Compiler.pptx:slide2.xml:24,ev-40f89bcd2411726c,node,ev-40f89bcd2411726c,ev-40f89bcd2411726c,question:DECORATIVE_SHAPE_UNLABELED,main.bicep#L292,passed
Architecture Diagram to IaC Compiler.pptx:slide2.xml:25,ev-57189195dd5474b6,node,ev-57189195dd5474b6,ev-57189195dd5474b6,question:DECORATIVE_SHAPE_UNLABELED,main.bicep#L300,passed
Architecture Diagram to IaC Compiler.pptx:slide2.xml:27,ev-d2a29e5d43ef4dcb,node,ev-d2a29e5d43ef4dcb,ev-d2a29e5d43ef4dcb,none,main.bicep#L308,passed
Architecture Diagram to IaC Compiler.pptx:slide2.xml:28,ev-5b21325a94448a0c,node,ev-5b21325a94448a0c,ev-5b21325a94448a0c,none,main.bicep#L316,passed
Architecture Diagram to IaC Compiler.pptx:slide2.xml:29,ev-bcbce913506c8950,node,ev-bcbce913506c8950,ev-bcbce913506c8950,none,main.bicep#L324,passed
Architecture Diagram to IaC Compiler.pptx:slide2.xml:30,ev-69367aab1255c466,node,ev-69367aab1255c466,ev-69367aab1255c466,none,main.bicep#L332,passed
Architecture Diagram to IaC Compiler.pptx:slide3.xml:2,ev-d3e874c846e26415,node,ev-d3e874c846e26415,ev-d3e874c846e26415,question:DECORATIVE_SHAPE_UNLABELED,main.bicep#L340,passed
Architecture Diagram to IaC Compiler.pptx:slide3.xml:3,ev-be0a3dd925fab1bf,node,ev-be0a3dd925fab1bf,ev-be0a3dd925fab1bf,question:DECORATIVE_SHAPE_UNLABELED,main.bicep#L348,passed
Architecture Diagram to IaC Compiler.pptx:slide3.xml:4,ev-ef784ea89ade479e,node,ev-ef784ea89ade479e,ev-ef784ea89ade479e,none,main.bicep#L356,passed
Architecture Diagram to IaC Compiler.pptx:slide3.xml:5,ev-0605aa08e493f578,node,ev-0605aa08e493f578,ev-0605aa08e493f578,none,main.bicep#L364,passed
Architecture Diagram to IaC Compiler.pptx:slide3.xml:6,ev-bd16cd0253e1e725,node,ev-bd16cd0253e1e725,ev-bd16cd0253e1e725,question:DECORATIVE_SHAPE_UNLABELED,main.bicep#L372,passed
Architecture Diagram to IaC Compiler.pptx:slide3.xml:7,ev-2a528764790c507e,node,ev-2a528764790c507e,ev-2a528764790c507e,question:DECORATIVE_SHAPE_UNLABELED,main.bicep#L380,passed
Architecture Diagram to IaC Compiler.pptx:slide3.xml:8,ev-5aed382874d06b29,node,ev-5aed382874d06b29,ev-5aed382874d06b29,none,main.bicep#L388,passed
Architecture Diagram to IaC Compiler.pptx:slide3.xml:9,ev-3314c6c139e29da3,node,ev-3314c6c139e29da3,ev-3314c6c139e29da3,none,main.bicep#L396,passed
Architecture Diagram to IaC Compiler.pptx:slide3.xml:10,ev-5d0e3ff5036f256b,node,ev-5d0e3ff5036f256b,ev-5d0e3ff5036f256b,question:DECORATIVE_SHAPE_UNLABELED,main.bicep#L404,passed
Architecture Diagram to IaC Compiler.pptx:slide3.xml:12,ev-92c04b84fb3bb8b3,node,ev-92c04b84fb3bb8b3,ev-92c04b84fb3bb8b3,none,main.bicep#L412,passed
Architecture Diagram to IaC Compiler.pptx:slide3.xml:13,ev-4b18b2606c7ed4e4,node,ev-4b18b2606c7ed4e4,ev-4b18b2606c7ed4e4,none,main.bicep#L420,passed
Architecture Diagram to IaC Compiler.pptx:slide3.xml:14,ev-ac8abae6dec74b96,node,ev-ac8abae6dec74b96,ev-ac8abae6dec74b96,question:DECORATIVE_SHAPE_UNLABELED,main.bicep#L428,passed
Architecture Diagram to IaC Compiler.pptx:slide3.xml:16,ev-4695597240ee5ba1,node,ev-4695597240ee5ba1,ev-4695597240ee5ba1,none,main.bicep#L436,passed
Architecture Diagram to IaC Compiler.pptx:slide3.xml:17,ev-3027640f7481d696,node,ev-3027640f7481d696,ev-3027640f7481d696,none,main.bicep#L444,passed
Architecture Diagram to IaC Compiler.pptx:slide3.xml:18,ev-7dd0da1dfbb4cc0b,node,ev-7dd0da1dfbb4cc0b,ev-7dd0da1dfbb4cc0b,question:DECORATIVE_SHAPE_UNLABELED,main.bicep#L452,passed
Architecture Diagram to IaC Compiler.pptx:slide3.xml:20,ev-bd7a69324c4dc7c6,node,ev-bd7a69324c4dc7c6,ev-bd7a69324c4dc7c6,none,main.bicep#L460,passed
Architecture Diagram to IaC Compiler.pptx:slide3.xml:21,ev-b2158c5943c148b1,node,ev-b2158c5943c148b1,ev-b2158c5943c148b1,none,main.bicep#L468,passed
Architecture Diagram to IaC Compiler.pptx:slide3.xml:22,ev-52e6cba79e5bd038,node,ev-52e6cba79e5bd038,ev-52e6cba79e5bd038,question:DECORATIVE_SHAPE_UNLABELED,main.bicep#L476,passed
Architecture Diagram to IaC Compiler.pptx:slide3.xml:24,ev-b3c2cf21a8d93962,node,ev-b3c2cf21a8d93962,ev-b3c2cf21a8d93962,none,main.bicep#L484,passed
Architecture Diagram to IaC Compiler.pptx:slide3.xml:25,ev-119cf002bb775092,node,ev-119cf002bb775092,ev-119cf002bb775092,none,main.bicep#L492,passed
Architecture Diagram to IaC Compiler.pptx:slide3.xml:26,ev-c2a65cb837657938,node,ev-c2a65cb837657938,ev-c2a65cb837657938,question:DECORATIVE_SHAPE_UNLABELED,main.bicep#L500,passed
Architecture Diagram to IaC Compiler.pptx:slide3.xml:28,ev-6b2d425c8eb1e9b1,node,ev-6b2d425c8eb1e9b1,ev-6b2d425c8eb1e9b1,none,main.bicep#L508,passed
Architecture Diagram to IaC Compiler.pptx:slide3.xml:29,ev-7ab3913f55bfcc98,node,ev-7ab3913f55bfcc98,ev-7ab3913f55bfcc98,none,main.bicep#L516,passed
Architecture Diagram to IaC Compiler.pptx:slide3.xml:30,ev-0fbe96882bce661d,node,ev-0fbe96882bce661d,ev-0fbe96882bce661d,question:DECORATIVE_SHAPE_UNLABELED,main.bicep#L524,passed
Architecture Diagram to IaC Compiler.pptx:slide3.xml:32,ev-a4f961578d07f6b4,node,ev-a4f961578d07f6b4,ev-a4f961578d07f6b4,none,main.bicep#L532,passed
Architecture Diagram to IaC Compiler.pptx:slide3.xml:33,ev-16c92eaa23256f12,node,ev-16c92eaa23256f12,ev-16c92eaa23256f12,none,main.bicep#L540,passed
Architecture Diagram to IaC Compiler.pptx:slide3.xml:34,ev-20194b1e1e0d1398,node,ev-20194b1e1e0d1398,ev-20194b1e1e0d1398,none,main.bicep#L548,passed
Architecture Diagram to IaC Compiler.pptx:slide3.xml:35,ev-6208b434ca6eb94e,node,ev-6208b434ca6eb94e,ev-6208b434ca6eb94e,none,main.bicep#L556,passed
Architecture Diagram to IaC Compiler.pptx:slide3.xml:36,ev-a5b69a17a0698bfc,node,ev-a5b69a17a0698bfc,ev-a5b69a17a0698bfc,none,main.bicep#L564,passed
Architecture Diagram to IaC Compiler.pptx:slide4.xml:2,ev-97dd4242e290ade5,node,ev-97dd4242e290ade5,ev-97dd4242e290ade5,question:DECORATIVE_SHAPE_UNLABELED,main.bicep#L572,passed
Architecture Diagram to IaC Compiler.pptx:slide4.xml:3,ev-0c73324d378d4747,node,ev-0c73324d378d4747,ev-0c73324d378d4747,question:DECORATIVE_SHAPE_UNLABELED,main.bicep#L580,passed
Architecture Diagram to IaC Compiler.pptx:slide4.xml:4,ev-94ffeb786db13a5a,node,ev-94ffeb786db13a5a,ev-94ffeb786db13a5a,none,main.bicep#L588,passed
Architecture Diagram to IaC Compiler.pptx:slide4.xml:5,ev-eceaff7c52a752f3,node,ev-eceaff7c52a752f3,ev-eceaff7c52a752f3,none,main.bicep#L596,passed
Architecture Diagram to IaC Compiler.pptx:slide4.xml:6,ev-de7160a40eb9223f,node,ev-de7160a40eb9223f,ev-de7160a40eb9223f,question:DECORATIVE_SHAPE_UNLABELED,main.bicep#L604,passed
Architecture Diagram to IaC Compiler.pptx:slide4.xml:7,ev-8d88d8a5cbea7778,node,ev-8d88d8a5cbea7778,ev-8d88d8a5cbea7778,none,main.bicep#L612,passed
Architecture Diagram to IaC Compiler.pptx:slide4.xml:8,ev-556fa3952356eba3,node,ev-556fa3952356eba3,ev-556fa3952356eba3,none,main.bicep#L620,passed
Architecture Diagram to IaC Compiler.pptx:slide4.xml:9,ev-8dcb1b0897f09e14,edge,ev-8dcb1b0897f09e14,,question:LOW_EDGE_CONFIDENCE,main.bicep#L4116,passed
Architecture Diagram to IaC Compiler.pptx:slide4.xml:10,ev-1dc24dbc285f24c0,node,ev-1dc24dbc285f24c0,ev-1dc24dbc285f24c0,question:DECORATIVE_SHAPE_UNLABELED,main.bicep#L628,passed
Architecture Diagram to IaC Compiler.pptx:slide4.xml:11,ev-5fc729aa7775f648,node,ev-5fc729aa7775f648,ev-5fc729aa7775f648,none,main.bicep#L636,passed
Architecture Diagram to IaC Compiler.pptx:slide4.xml:12,ev-101ce9d644c726b2,node,ev-101ce9d644c726b2,ev-101ce9d644c726b2,none,main.bicep#L644,passed
Architecture Diagram to IaC Compiler.pptx:slide4.xml:13,ev-77c3cc49a7491253,edge,ev-77c3cc49a7491253,,question:LOW_EDGE_CONFIDENCE,main.bicep#L4122,passed
Architecture Diagram to IaC Compiler.pptx:slide4.xml:14,ev-86f2aa8abe74e4ed,node,ev-86f2aa8abe74e4ed,ev-86f2aa8abe74e4ed,question:DECORATIVE_SHAPE_UNLABELED,main.bicep#L652,passed
Architecture Diagram to IaC Compiler.pptx:slide4.xml:15,ev-9b9c59e7d5f40a9c,node,ev-9b9c59e7d5f40a9c,ev-9b9c59e7d5f40a9c,none,main.bicep#L660,passed
Architecture Diagram to IaC Compiler.pptx:slide4.xml:16,ev-71edcf2d343084bf,node,ev-71edcf2d343084bf,ev-71edcf2d343084bf,none,main.bicep#L668,passed
Architecture Diagram to IaC Compiler.pptx:slide4.xml:17,ev-3db259741211d84f,edge,ev-3db259741211d84f,,question:LOW_EDGE_CONFIDENCE,main.bicep#L4128,passed
Architecture Diagram to IaC Compiler.pptx:slide4.xml:18,ev-22f7448237e4d4c8,node,ev-22f7448237e4d4c8,ev-22f7448237e4d4c8,question:DECORATIVE_SHAPE_UNLABELED,main.bicep#L676,passed
Architecture Diagram to IaC Compiler.pptx:slide4.xml:19,ev-43d26d357ccb054b,node,ev-43d26d357ccb054b,ev-43d26d357ccb054b,none,main.bicep#L684,passed
Architecture Diagram to IaC Compiler.pptx:slide4.xml:20,ev-3a61df9582d50494,node,ev-3a61df9582d50494,ev-3a61df9582d50494,none,main.bicep#L692,passed
Architecture Diagram to IaC Compiler.pptx:slide4.xml:21,ev-959b0ba5386a4a38,edge,ev-959b0ba5386a4a38,,question:LOW_EDGE_CONFIDENCE,main.bicep#L4134,passed
Architecture Diagram to IaC Compiler.pptx:slide4.xml:22,ev-5149950fac6a6cbe,node,ev-5149950fac6a6cbe,ev-5149950fac6a6cbe,question:DECORATIVE_SHAPE_UNLABELED,main.bicep#L700,passed
Architecture Diagram to IaC Compiler.pptx:slide4.xml:23,ev-89d21ce030230074,node,ev-89d21ce030230074,ev-89d21ce030230074,none,main.bicep#L708,passed
Architecture Diagram to IaC Compiler.pptx:slide4.xml:24,ev-379fc77495cdc911,node,ev-379fc77495cdc911,ev-379fc77495cdc911,none,main.bicep#L716,passed
Architecture Diagram to IaC Compiler.pptx:slide4.xml:25,ev-8c6ff4142e381624,edge,ev-8c6ff4142e381624,,question:LOW_EDGE_CONFIDENCE,main.bicep#L4140,passed
Architecture Diagram to IaC Compiler.pptx:slide4.xml:26,ev-516e77d45158cbfc,node,ev-516e77d45158cbfc,ev-516e77d45158cbfc,question:DECORATIVE_SHAPE_UNLABELED,main.bicep#L724,passed
Architecture Diagram to IaC Compiler.pptx:slide4.xml:27,ev-a9789bf0b61362cc,node,ev-a9789bf0b61362cc,ev-a9789bf0b61362cc,none,main.bicep#L732,passed
Architecture Diagram to IaC Compiler.pptx:slide4.xml:28,ev-702ad9ca95500d26,node,ev-702ad9ca95500d26,ev-702ad9ca95500d26,none,main.bicep#L740,passed
Architecture Diagram to IaC Compiler.pptx:slide4.xml:29,ev-b36e6b94371dde32,edge,ev-b36e6b94371dde32,,none,main.bicep#L4146,passed
Architecture Diagram to IaC Compiler.pptx:slide4.xml:30,ev-1b4db8aa98fa02e9,node,ev-1b4db8aa98fa02e9,ev-1b4db8aa98fa02e9,question:DECORATIVE_SHAPE_UNLABELED,main.bicep#L748,passed
Architecture Diagram to IaC Compiler.pptx:slide4.xml:31,ev-b601b4a18aff5358,node,ev-b601b4a18aff5358,ev-b601b4a18aff5358,none,main.bicep#L756,passed
Architecture Diagram to IaC Compiler.pptx:slide4.xml:32,ev-45a98f96cdedf75a,node,ev-45a98f96cdedf75a,ev-45a98f96cdedf75a,none,main.bicep#L764,passed
Architecture Diagram to IaC Compiler.pptx:slide4.xml:33,ev-10f715d534504b3f,node,ev-10f715d534504b3f,ev-10f715d534504b3f,none,main.bicep#L772,passed
Architecture Diagram to IaC Compiler.pptx:slide4.xml:34,ev-94af7ef7e28faebc,node,ev-94af7ef7e28faebc,ev-94af7ef7e28faebc,question:DECORATIVE_SHAPE_UNLABELED,main.bicep#L780,passed
Architecture Diagram to IaC Compiler.pptx:slide4.xml:36,ev-a9cc395f52156f2a,node,ev-a9cc395f52156f2a,ev-a9cc395f52156f2a,none,main.bicep#L788,passed
Architecture Diagram to IaC Compiler.pptx:slide4.xml:37,ev-578ae614d29a5aaa,node,ev-578ae614d29a5aaa,ev-578ae614d29a5aaa,question:DECORATIVE_SHAPE_UNLABELED,main.bicep#L796,passed
Architecture Diagram to IaC Compiler.pptx:slide4.xml:39,ev-251cc5e33f8e50bb,node,ev-251cc5e33f8e50bb,ev-251cc5e33f8e50bb,none,main.bicep#L804,passed
Architecture Diagram to IaC Compiler.pptx:slide4.xml:40,ev-ca9b20ad9698e4a4,node,ev-ca9b20ad9698e4a4,ev-ca9b20ad9698e4a4,question:DECORATIVE_SHAPE_UNLABELED,main.bicep#L812,passed
Architecture Diagram to IaC Compiler.pptx:slide4.xml:42,ev-6b5377d47403e561,node,ev-6b5377d47403e561,ev-6b5377d47403e561,none,main.bicep#L820,passed
Architecture Diagram to IaC Compiler.pptx:slide4.xml:43,ev-e90625f48d321c5f,node,ev-e90625f48d321c5f,ev-e90625f48d321c5f,question:DECORATIVE_SHAPE_UNLABELED,main.bicep#L828,passed
Architecture Diagram to IaC Compiler.pptx:slide4.xml:45,ev-053364081ccf1d13,node,ev-053364081ccf1d13,ev-053364081ccf1d13,none,main.bicep#L836,passed
Architecture Diagram to IaC Compiler.pptx:slide4.xml:46,ev-c1a8ba179fdd963d,node,ev-c1a8ba179fdd963d,ev-c1a8ba179fdd963d,question:DECORATIVE_SHAPE_UNLABELED,main.bicep#L844,passed
Architecture Diagram to IaC Compiler.pptx:slide4.xml:48,ev-683ba269d7eb294e,node,ev-683ba269d7eb294e,ev-683ba269d7eb294e,none,main.bicep#L852,passed
Architecture Diagram to IaC Compiler.pptx:slide4.xml:49,ev-f7b395e027c1068b,node,ev-f7b395e027c1068b,ev-f7b395e027c1068b,none,main.bicep#L860,passed
Architecture Diagram to IaC Compiler.pptx:slide4.xml:50,ev-243585c9eba7c095,node,ev-243585c9eba7c095,ev-243585c9eba7c095,none,main.bicep#L868,passed
Architecture Diagram to IaC Compiler.pptx:slide5.xml:2,ev-ae0b0374064523e0,node,ev-ae0b0374064523e0,ev-ae0b0374064523e0,question:DECORATIVE_SHAPE_UNLABELED,main.bicep#L876,passed
Architecture Diagram to IaC Compiler.pptx:slide5.xml:3,ev-fbde41f8883158a5,node,ev-fbde41f8883158a5,ev-fbde41f8883158a5,question:DECORATIVE_SHAPE_UNLABELED,main.bicep#L884,passed
Architecture Diagram to IaC Compiler.pptx:slide5.xml:4,ev-ea3de8ea42e147b9,node,ev-ea3de8ea42e147b9,ev-ea3de8ea42e147b9,none,main.bicep#L892,passed
Architecture Diagram to IaC Compiler.pptx:slide5.xml:5,ev-e45c76a11f5cdec9,node,ev-e45c76a11f5cdec9,ev-e45c76a11f5cdec9,none,main.bicep#L900,passed
Architecture Diagram to IaC Compiler.pptx:slide5.xml:6,ev-b98eaa1279601d5b,node,ev-b98eaa1279601d5b,ev-b98eaa1279601d5b,question:DECORATIVE_SHAPE_UNLABELED,main.bicep#L908,passed
Architecture Diagram to IaC Compiler.pptx:slide5.xml:7,ev-753285ede1f31d1e,node,ev-753285ede1f31d1e,ev-753285ede1f31d1e,question:DECORATIVE_SHAPE_UNLABELED,main.bicep#L916,passed
Architecture Diagram to IaC Compiler.pptx:slide5.xml:8,ev-49d8ad23a31fe75a,node,ev-49d8ad23a31fe75a,ev-49d8ad23a31fe75a,none,main.bicep#L924,passed
Architecture Diagram to IaC Compiler.pptx:slide5.xml:9,ev-6e934c108afc1e99,node,ev-6e934c108afc1e99,ev-6e934c108afc1e99,none,main.bicep#L932,passed
Architecture Diagram to IaC Compiler.pptx:slide5.xml:10,ev-88df3c0b350c460d,node,ev-88df3c0b350c460d,ev-88df3c0b350c460d,question:DECORATIVE_SHAPE_UNLABELED,main.bicep#L940,passed
Architecture Diagram to IaC Compiler.pptx:slide5.xml:11,ev-533902aa8fdb3800,node,ev-533902aa8fdb3800,ev-533902aa8fdb3800,question:DECORATIVE_SHAPE_UNLABELED,main.bicep#L948,passed
Architecture Diagram to IaC Compiler.pptx:slide5.xml:12,ev-9271f02c7a3e1fee,node,ev-9271f02c7a3e1fee,ev-9271f02c7a3e1fee,none,main.bicep#L956,passed
Architecture Diagram to IaC Compiler.pptx:slide5.xml:13,ev-e783e85f949efaed,node,ev-e783e85f949efaed,ev-e783e85f949efaed,none,main.bicep#L964,passed
Architecture Diagram to IaC Compiler.pptx:slide5.xml:14,ev-527a5a983bd083ef,node,ev-527a5a983bd083ef,ev-527a5a983bd083ef,question:DECORATIVE_SHAPE_UNLABELED,main.bicep#L972,passed
Architecture Diagram to IaC Compiler.pptx:slide5.xml:15,ev-8c0c6b8c649f7a2c,node,ev-8c0c6b8c649f7a2c,ev-8c0c6b8c649f7a2c,question:DECORATIVE_SHAPE_UNLABELED,main.bicep#L980,passed
Architecture Diagram to IaC Compiler.pptx:slide5.xml:16,ev-9df26ce2dcab0b9d,node,ev-9df26ce2dcab0b9d,ev-9df26ce2dcab0b9d,none,main.bicep#L988,passed
Architecture Diagram to IaC Compiler.pptx:slide5.xml:17,ev-c86a1847ab7e3719,node,ev-c86a1847ab7e3719,ev-c86a1847ab7e3719,none,main.bicep#L996,passed
Architecture Diagram to IaC Compiler.pptx:slide5.xml:18,ev-72895c21330f19b4,node,ev-72895c21330f19b4,ev-72895c21330f19b4,question:DECORATIVE_SHAPE_UNLABELED,main.bicep#L1004,passed
Architecture Diagram to IaC Compiler.pptx:slide5.xml:19,ev-808d6bce36389382,node,ev-808d6bce36389382,ev-808d6bce36389382,question:DECORATIVE_SHAPE_UNLABELED,main.bicep#L1012,passed
Architecture Diagram to IaC Compiler.pptx:slide5.xml:20,ev-5ae69cbea5c5261e,node,ev-5ae69cbea5c5261e,ev-5ae69cbea5c5261e,none,main.bicep#L1020,passed
Architecture Diagram to IaC Compiler.pptx:slide5.xml:21,ev-79b5d0e5cc3a93f7,node,ev-79b5d0e5cc3a93f7,ev-79b5d0e5cc3a93f7,none,main.bicep#L1028,passed
Architecture Diagram to IaC Compiler.pptx:slide5.xml:22,ev-957708e8d6c3348a,node,ev-957708e8d6c3348a,ev-957708e8d6c3348a,question:DECORATIVE_SHAPE_UNLABELED,main.bicep#L1036,passed
Architecture Diagram to IaC Compiler.pptx:slide5.xml:23,ev-4f36d5dff4e18da5,node,ev-4f36d5dff4e18da5,ev-4f36d5dff4e18da5,question:DECORATIVE_SHAPE_UNLABELED,main.bicep#L1044,passed
Architecture Diagram to IaC Compiler.pptx:slide5.xml:24,ev-c5b7991fccb16809,node,ev-c5b7991fccb16809,ev-c5b7991fccb16809,none,main.bicep#L1052,passed
Architecture Diagram to IaC Compiler.pptx:slide5.xml:25,ev-d385985c05b16a39,node,ev-d385985c05b16a39,ev-d385985c05b16a39,none,main.bicep#L1060,passed
Architecture Diagram to IaC Compiler.pptx:slide5.xml:26,ev-bd6caefdc037b3c0,node,ev-bd6caefdc037b3c0,ev-bd6caefdc037b3c0,question:DECORATIVE_SHAPE_UNLABELED,main.bicep#L1068,passed
Architecture Diagram to IaC Compiler.pptx:slide5.xml:27,ev-f40f6c83f72d09f2,node,ev-f40f6c83f72d09f2,ev-f40f6c83f72d09f2,question:DECORATIVE_SHAPE_UNLABELED,main.bicep#L1076,passed
Architecture Diagram to IaC Compiler.pptx:slide5.xml:28,ev-9a67d2d37b41d695,node,ev-9a67d2d37b41d695,ev-9a67d2d37b41d695,none,main.bicep#L1084,passed
Architecture Diagram to IaC Compiler.pptx:slide5.xml:29,ev-67ff09f5d58945d9,node,ev-67ff09f5d58945d9,ev-67ff09f5d58945d9,none,main.bicep#L1092,passed
Architecture Diagram to IaC Compiler.pptx:slide5.xml:30,ev-38fbb44d8b75b83c,node,ev-38fbb44d8b75b83c,ev-38fbb44d8b75b83c,question:DECORATIVE_SHAPE_UNLABELED,main.bicep#L1100,passed
Architecture Diagram to IaC Compiler.pptx:slide5.xml:32,ev-7cbc88cd96c6a8ed,node,ev-7cbc88cd96c6a8ed,ev-7cbc88cd96c6a8ed,none,main.bicep#L1108,passed
Architecture Diagram to IaC Compiler.pptx:slide5.xml:33,ev-0dc9d5f8e42a0c50,edge,ev-0dc9d5f8e42a0c50,,question:LOW_EDGE_CONFIDENCE,main.bicep#L4152,passed
Architecture Diagram to IaC Compiler.pptx:slide5.xml:34,ev-d3f2336541638193,edge,ev-d3f2336541638193,,question:LOW_EDGE_CONFIDENCE,main.bicep#L4158,passed
Architecture Diagram to IaC Compiler.pptx:slide5.xml:35,ev-479fc7cd3ac042eb,edge,ev-479fc7cd3ac042eb,,question:LOW_EDGE_CONFIDENCE,main.bicep#L4164,passed
Architecture Diagram to IaC Compiler.pptx:slide5.xml:36,ev-af400eeedec84811,edge,ev-af400eeedec84811,,question:LOW_EDGE_CONFIDENCE,main.bicep#L4170,passed
Architecture Diagram to IaC Compiler.pptx:slide5.xml:37,ev-c9ebf808e829bb47,node,ev-c9ebf808e829bb47,ev-c9ebf808e829bb47,none,main.bicep#L1116,passed
Architecture Diagram to IaC Compiler.pptx:slide5.xml:38,ev-def548715a59fe18,node,ev-def548715a59fe18,ev-def548715a59fe18,none,main.bicep#L1124,passed
Architecture Diagram to IaC Compiler.pptx:slide5.xml:39,ev-bfaa62f36ecfa898,node,ev-bfaa62f36ecfa898,ev-bfaa62f36ecfa898,none,main.bicep#L1132,passed
Architecture Diagram to IaC Compiler.pptx:slide6.xml:2,ev-1ef91e1a18ac9006,node,ev-1ef91e1a18ac9006,ev-1ef91e1a18ac9006,question:DECORATIVE_SHAPE_UNLABELED,main.bicep#L1140,passed
Architecture Diagram to IaC Compiler.pptx:slide6.xml:3,ev-4d866af59abba1cb,node,ev-4d866af59abba1cb,ev-4d866af59abba1cb,question:DECORATIVE_SHAPE_UNLABELED,main.bicep#L1148,passed
Architecture Diagram to IaC Compiler.pptx:slide6.xml:4,ev-2bd11f77ffd2493c,node,ev-2bd11f77ffd2493c,ev-2bd11f77ffd2493c,none,main.bicep#L1156,passed
Architecture Diagram to IaC Compiler.pptx:slide6.xml:5,ev-faad14ddb89f2b53,node,ev-faad14ddb89f2b53,ev-faad14ddb89f2b53,none,main.bicep#L1164,passed
Architecture Diagram to IaC Compiler.pptx:slide6.xml:6,ev-7cc2094f7d3eecb3,node,ev-7cc2094f7d3eecb3,ev-7cc2094f7d3eecb3,question:DECORATIVE_SHAPE_UNLABELED,main.bicep#L1172,passed
Architecture Diagram to IaC Compiler.pptx:slide6.xml:7,ev-8ff3bd86606ac63b,node,ev-8ff3bd86606ac63b,ev-8ff3bd86606ac63b,question:DECORATIVE_SHAPE_UNLABELED,main.bicep#L1180,passed
Architecture Diagram to IaC Compiler.pptx:slide6.xml:9,ev-ebbd478b8f7a2849,node,ev-ebbd478b8f7a2849,ev-ebbd478b8f7a2849,none,main.bicep#L1188,passed
Architecture Diagram to IaC Compiler.pptx:slide6.xml:10,ev-4cc61d10faeba673,node,ev-4cc61d10faeba673,ev-4cc61d10faeba673,none,main.bicep#L1196,passed
Architecture Diagram to IaC Compiler.pptx:slide6.xml:11,ev-8f6d3ac82f23d582,node,ev-8f6d3ac82f23d582,ev-8f6d3ac82f23d582,question:DECORATIVE_SHAPE_UNLABELED,main.bicep#L1204,passed
Architecture Diagram to IaC Compiler.pptx:slide6.xml:12,ev-2210a15d0c2d50aa,node,ev-2210a15d0c2d50aa,ev-2210a15d0c2d50aa,question:DECORATIVE_SHAPE_UNLABELED,main.bicep#L1212,passed
Architecture Diagram to IaC Compiler.pptx:slide6.xml:14,ev-703d62295cf7cc42,node,ev-703d62295cf7cc42,ev-703d62295cf7cc42,none,main.bicep#L1220,passed
Architecture Diagram to IaC Compiler.pptx:slide6.xml:15,ev-9df26abbbe9810f5,node,ev-9df26abbbe9810f5,ev-9df26abbbe9810f5,none,main.bicep#L1228,passed
Architecture Diagram to IaC Compiler.pptx:slide6.xml:16,ev-1b819653cc02bd8d,node,ev-1b819653cc02bd8d,ev-1b819653cc02bd8d,question:DECORATIVE_SHAPE_UNLABELED,main.bicep#L1236,passed
Architecture Diagram to IaC Compiler.pptx:slide6.xml:17,ev-698af446e2a23798,node,ev-698af446e2a23798,ev-698af446e2a23798,question:DECORATIVE_SHAPE_UNLABELED,main.bicep#L1244,passed
Architecture Diagram to IaC Compiler.pptx:slide6.xml:19,ev-371cf735f0d1f61e,node,ev-371cf735f0d1f61e,ev-371cf735f0d1f61e,none,main.bicep#L1252,passed
Architecture Diagram to IaC Compiler.pptx:slide6.xml:20,ev-97b1b091a45d0217,node,ev-97b1b091a45d0217,ev-97b1b091a45d0217,none,main.bicep#L1260,passed
Architecture Diagram to IaC Compiler.pptx:slide6.xml:21,ev-41d94442143ba22d,node,ev-41d94442143ba22d,ev-41d94442143ba22d,question:DECORATIVE_SHAPE_UNLABELED,main.bicep#L1268,passed
Architecture Diagram to IaC Compiler.pptx:slide6.xml:22,ev-4e5992288f0e3eea,node,ev-4e5992288f0e3eea,ev-4e5992288f0e3eea,question:DECORATIVE_SHAPE_UNLABELED,main.bicep#L1276,passed
Architecture Diagram to IaC Compiler.pptx:slide6.xml:24,ev-b550797d7c7cf799,node,ev-b550797d7c7cf799,ev-b550797d7c7cf799,none,main.bicep#L1284,passed
Architecture Diagram to IaC Compiler.pptx:slide6.xml:25,ev-ac2318b2abe1b00d,node,ev-ac2318b2abe1b00d,ev-ac2318b2abe1b00d,none,main.bicep#L1292,passed
Architecture Diagram to IaC Compiler.pptx:slide6.xml:26,ev-4b18a3b9b998f0b4,node,ev-4b18a3b9b998f0b4,ev-4b18a3b9b998f0b4,question:DECORATIVE_SHAPE_UNLABELED,main.bicep#L1300,passed
Architecture Diagram to IaC Compiler.pptx:slide6.xml:27,ev-d2e6ab25a61293a8,node,ev-d2e6ab25a61293a8,ev-d2e6ab25a61293a8,question:DECORATIVE_SHAPE_UNLABELED,main.bicep#L1308,passed
Architecture Diagram to IaC Compiler.pptx:slide6.xml:29,ev-1c4e34d514130a57,node,ev-1c4e34d514130a57,ev-1c4e34d514130a57,none,main.bicep#L1316,passed
Architecture Diagram to IaC Compiler.pptx:slide6.xml:30,ev-8eba7995217fb96a,node,ev-8eba7995217fb96a,ev-8eba7995217fb96a,none,main.bicep#L1324,passed
Architecture Diagram to IaC Compiler.pptx:slide6.xml:31,ev-f7851b62d4ae6c53,node,ev-f7851b62d4ae6c53,ev-f7851b62d4ae6c53,question:DECORATIVE_SHAPE_UNLABELED,main.bicep#L1332,passed
Architecture Diagram to IaC Compiler.pptx:slide6.xml:32,ev-bf76964022cd66bc,node,ev-bf76964022cd66bc,ev-bf76964022cd66bc,none,main.bicep#L1340,passed
Architecture Diagram to IaC Compiler.pptx:slide6.xml:33,ev-1c034013035715b1,node,ev-1c034013035715b1,ev-1c034013035715b1,none,main.bicep#L1348,passed
Architecture Diagram to IaC Compiler.pptx:slide6.xml:34,ev-dda37f5c73f0af5f,node,ev-dda37f5c73f0af5f,ev-dda37f5c73f0af5f,none,main.bicep#L1356,passed
Architecture Diagram to IaC Compiler.pptx:slide7.xml:2,ev-c45f2e34161fa672,node,ev-c45f2e34161fa672,ev-c45f2e34161fa672,question:DECORATIVE_SHAPE_UNLABELED,main.bicep#L1364,passed
Architecture Diagram to IaC Compiler.pptx:slide7.xml:3,ev-e0ebb65742e48994,node,ev-e0ebb65742e48994,ev-e0ebb65742e48994,question:DECORATIVE_SHAPE_UNLABELED,main.bicep#L1372,passed
Architecture Diagram to IaC Compiler.pptx:slide7.xml:4,ev-46b46541ef2e9977,node,ev-46b46541ef2e9977,ev-46b46541ef2e9977,none,main.bicep#L1380,passed
Architecture Diagram to IaC Compiler.pptx:slide7.xml:5,ev-d6d011983620eae9,node,ev-d6d011983620eae9,ev-d6d011983620eae9,none,main.bicep#L1388,passed
Architecture Diagram to IaC Compiler.pptx:slide7.xml:6,ev-431585bdf6a0f5b6,node,ev-431585bdf6a0f5b6,ev-431585bdf6a0f5b6,none,main.bicep#L1396,passed
Architecture Diagram to IaC Compiler.pptx:slide7.xml:7,ev-f407750e4d4ee510,node,ev-f407750e4d4ee510,ev-f407750e4d4ee510,question:DECORATIVE_SHAPE_UNLABELED,main.bicep#L1404,passed
Architecture Diagram to IaC Compiler.pptx:slide7.xml:9,ev-4872fd13e296de91,node,ev-4872fd13e296de91,ev-4872fd13e296de91,none,main.bicep#L1412,passed
Architecture Diagram to IaC Compiler.pptx:slide7.xml:10,ev-247988984a3314a2,node,ev-247988984a3314a2,ev-247988984a3314a2,question:DECORATIVE_SHAPE_UNLABELED,main.bicep#L1420,passed
Architecture Diagram to IaC Compiler.pptx:slide7.xml:12,ev-4879959b8399fcc7,node,ev-4879959b8399fcc7,ev-4879959b8399fcc7,none,main.bicep#L1428,passed
Architecture Diagram to IaC Compiler.pptx:slide7.xml:13,ev-974586519e951bb7,node,ev-974586519e951bb7,ev-974586519e951bb7,question:DECORATIVE_SHAPE_UNLABELED,main.bicep#L1436,passed
Architecture Diagram to IaC Compiler.pptx:slide7.xml:15,ev-c91e05c7239c6ac3,node,ev-c91e05c7239c6ac3,ev-c91e05c7239c6ac3,none,main.bicep#L1444,passed
Architecture Diagram to IaC Compiler.pptx:slide7.xml:16,ev-aa917340c71f880d,node,ev-aa917340c71f880d,ev-aa917340c71f880d,question:DECORATIVE_SHAPE_UNLABELED,main.bicep#L1452,passed
Architecture Diagram to IaC Compiler.pptx:slide7.xml:18,ev-7a00f826cb3d7256,node,ev-7a00f826cb3d7256,ev-7a00f826cb3d7256,none,main.bicep#L1460,passed
Architecture Diagram to IaC Compiler.pptx:slide7.xml:19,ev-8f0f4b6733b437d5,node,ev-8f0f4b6733b437d5,ev-8f0f4b6733b437d5,question:DECORATIVE_SHAPE_UNLABELED,main.bicep#L1468,passed
Architecture Diagram to IaC Compiler.pptx:slide7.xml:21,ev-f4a3c9b59e4060ac,node,ev-f4a3c9b59e4060ac,ev-f4a3c9b59e4060ac,none,main.bicep#L1476,passed
Architecture Diagram to IaC Compiler.pptx:slide7.xml:22,ev-ca921a4bc0a659cf,node,ev-ca921a4bc0a659cf,ev-ca921a4bc0a659cf,question:DECORATIVE_SHAPE_UNLABELED,main.bicep#L1484,passed
Architecture Diagram to IaC Compiler.pptx:slide7.xml:24,ev-bf1cbc4cca912816,node,ev-bf1cbc4cca912816,ev-bf1cbc4cca912816,none,main.bicep#L1492,passed
Architecture Diagram to IaC Compiler.pptx:slide7.xml:25,ev-5c073f623d20f84e,node,ev-5c073f623d20f84e,ev-5c073f623d20f84e,question:DECORATIVE_SHAPE_UNLABELED,main.bicep#L1500,passed
Architecture Diagram to IaC Compiler.pptx:slide7.xml:27,ev-a2880da762b9fc5a,node,ev-a2880da762b9fc5a,ev-a2880da762b9fc5a,none,main.bicep#L1508,passed
Architecture Diagram to IaC Compiler.pptx:slide7.xml:28,ev-a6a31427400a7363,node,ev-a6a31427400a7363,ev-a6a31427400a7363,question:DECORATIVE_SHAPE_UNLABELED,main.bicep#L1516,passed
Architecture Diagram to IaC Compiler.pptx:slide7.xml:30,ev-d03452f7f606ddd3,node,ev-d03452f7f606ddd3,ev-d03452f7f606ddd3,none,main.bicep#L1524,passed
Architecture Diagram to IaC Compiler.pptx:slide7.xml:31,ev-27cc418b4ceb9fea,node,ev-27cc418b4ceb9fea,ev-27cc418b4ceb9fea,question:DECORATIVE_SHAPE_UNLABELED,main.bicep#L1532,passed
Architecture Diagram to IaC Compiler.pptx:slide7.xml:32,ev-180d91adebb55720,node,ev-180d91adebb55720,ev-180d91adebb55720,none,main.bicep#L1540,passed
Architecture Diagram to IaC Compiler.pptx:slide7.xml:33,ev-9f0b16cfdac76724,node,ev-9f0b16cfdac76724,ev-9f0b16cfdac76724,none,main.bicep#L1548,passed
Architecture Diagram to IaC Compiler.pptx:slide7.xml:34,ev-e2d87e095671a35a,node,ev-e2d87e095671a35a,ev-e2d87e095671a35a,none,main.bicep#L1556,passed
Architecture Diagram to IaC Compiler.pptx:slide8.xml:2,ev-4ccdd5c4b5b3737f,node,ev-4ccdd5c4b5b3737f,ev-4ccdd5c4b5b3737f,question:DECORATIVE_SHAPE_UNLABELED,main.bicep#L1564,passed
Architecture Diagram to IaC Compiler.pptx:slide8.xml:3,ev-40610dc65e3bf8e7,node,ev-40610dc65e3bf8e7,ev-40610dc65e3bf8e7,question:DECORATIVE_SHAPE_UNLABELED,main.bicep#L1572,passed
Architecture Diagram to IaC Compiler.pptx:slide8.xml:4,ev-2c3d5b3fae18de9b,node,ev-2c3d5b3fae18de9b,ev-2c3d5b3fae18de9b,none,main.bicep#L1580,passed
Architecture Diagram to IaC Compiler.pptx:slide8.xml:5,ev-5bb8a51ec338dd47,node,ev-5bb8a51ec338dd47,ev-5bb8a51ec338dd47,none,main.bicep#L1588,passed
Architecture Diagram to IaC Compiler.pptx:slide8.xml:6,ev-961c76d4c903be67,node,ev-961c76d4c903be67,ev-961c76d4c903be67,question:DECORATIVE_SHAPE_UNLABELED,main.bicep#L1596,passed
Architecture Diagram to IaC Compiler.pptx:slide8.xml:7,ev-c6d9ffd6b69a286b,node,ev-c6d9ffd6b69a286b,ev-c6d9ffd6b69a286b,none,main.bicep#L1604,passed
Architecture Diagram to IaC Compiler.pptx:slide8.xml:8,ev-7d6361efec9a0ed3,node,ev-7d6361efec9a0ed3,ev-7d6361efec9a0ed3,none,main.bicep#L1612,passed
Architecture Diagram to IaC Compiler.pptx:slide8.xml:9,ev-36e35925d9f8997b,node,ev-36e35925d9f8997b,ev-36e35925d9f8997b,none,main.bicep#L1620,passed
Architecture Diagram to IaC Compiler.pptx:slide8.xml:10,ev-c101bd2aba4ea3fa,node,ev-c101bd2aba4ea3fa,ev-c101bd2aba4ea3fa,none,main.bicep#L1628,passed
Architecture Diagram to IaC Compiler.pptx:slide8.xml:11,ev-7301202adc00aa87,node,ev-7301202adc00aa87,ev-7301202adc00aa87,none,main.bicep#L1636,passed
Architecture Diagram to IaC Compiler.pptx:slide8.xml:12,ev-47c054601c0bdcb3,node,ev-47c054601c0bdcb3,ev-47c054601c0bdcb3,none,main.bicep#L1644,passed
Architecture Diagram to IaC Compiler.pptx:slide8.xml:13,ev-111acbbfc51ce69b,node,ev-111acbbfc51ce69b,ev-111acbbfc51ce69b,none,main.bicep#L1652,passed
Architecture Diagram to IaC Compiler.pptx:slide8.xml:14,ev-c471c7c91b7a9412,node,ev-c471c7c91b7a9412,ev-c471c7c91b7a9412,none,main.bicep#L1660,passed
Architecture Diagram to IaC Compiler.pptx:slide8.xml:15,ev-a3eccbfc50197718,node,ev-a3eccbfc50197718,ev-a3eccbfc50197718,none,main.bicep#L1668,passed
Architecture Diagram to IaC Compiler.pptx:slide8.xml:16,ev-c0d2dcc80aa4e1e2,node,ev-c0d2dcc80aa4e1e2,ev-c0d2dcc80aa4e1e2,none,main.bicep#L1676,passed
Architecture Diagram to IaC Compiler.pptx:slide8.xml:17,ev-d0d92f35750d0b85,node,ev-d0d92f35750d0b85,ev-d0d92f35750d0b85,none,main.bicep#L1684,passed
Architecture Diagram to IaC Compiler.pptx:slide8.xml:18,ev-4145331ac1ceef33,node,ev-4145331ac1ceef33,ev-4145331ac1ceef33,question:DECORATIVE_SHAPE_UNLABELED,main.bicep#L1692,passed
Architecture Diagram to IaC Compiler.pptx:slide8.xml:19,ev-82b28385d97f6289,node,ev-82b28385d97f6289,ev-82b28385d97f6289,question:DECORATIVE_SHAPE_UNLABELED,main.bicep#L1700,passed
Architecture Diagram to IaC Compiler.pptx:slide8.xml:20,ev-9bd42306917a12cc,node,ev-9bd42306917a12cc,ev-9bd42306917a12cc,none,main.bicep#L1708,passed
Architecture Diagram to IaC Compiler.pptx:slide8.xml:21,ev-163592556b938766,node,ev-163592556b938766,ev-163592556b938766,question:DECORATIVE_SHAPE_UNLABELED,main.bicep#L1716,passed
Architecture Diagram to IaC Compiler.pptx:slide8.xml:22,ev-0a0953d29a643936,node,ev-0a0953d29a643936,ev-0a0953d29a643936,question:DECORATIVE_SHAPE_UNLABELED,main.bicep#L1724,passed
Architecture Diagram to IaC Compiler.pptx:slide8.xml:24,ev-ff16e87167a68542,node,ev-ff16e87167a68542,ev-ff16e87167a68542,none,main.bicep#L1732,passed
Architecture Diagram to IaC Compiler.pptx:slide8.xml:25,ev-387181ba174a8bd3,node,ev-387181ba174a8bd3,ev-387181ba174a8bd3,none,main.bicep#L1740,passed
Architecture Diagram to IaC Compiler.pptx:slide8.xml:26,ev-61b65cb187714a71,node,ev-61b65cb187714a71,ev-61b65cb187714a71,question:DECORATIVE_SHAPE_UNLABELED,main.bicep#L1748,passed
Architecture Diagram to IaC Compiler.pptx:slide8.xml:27,ev-5c8dd007f95f06b0,node,ev-5c8dd007f95f06b0,ev-5c8dd007f95f06b0,question:DECORATIVE_SHAPE_UNLABELED,main.bicep#L1756,passed
Architecture Diagram to IaC Compiler.pptx:slide8.xml:29,ev-456a213bf779bbdd,node,ev-456a213bf779bbdd,ev-456a213bf779bbdd,none,main.bicep#L1764,passed
Architecture Diagram to IaC Compiler.pptx:slide8.xml:30,ev-9665098259274021,node,ev-9665098259274021,ev-9665098259274021,none,main.bicep#L1772,passed
Architecture Diagram to IaC Compiler.pptx:slide8.xml:31,ev-a170e021904396ef,node,ev-a170e021904396ef,ev-a170e021904396ef,question:DECORATIVE_SHAPE_UNLABELED,main.bicep#L1780,passed
Architecture Diagram to IaC Compiler.pptx:slide8.xml:32,ev-19f571220cdd9cf9,node,ev-19f571220cdd9cf9,ev-19f571220cdd9cf9,question:DECORATIVE_SHAPE_UNLABELED,main.bicep#L1788,passed
Architecture Diagram to IaC Compiler.pptx:slide8.xml:34,ev-edb12f04880cef96,node,ev-edb12f04880cef96,ev-edb12f04880cef96,none,main.bicep#L1796,passed
Architecture Diagram to IaC Compiler.pptx:slide8.xml:35,ev-1398efcb2ecc90a6,node,ev-1398efcb2ecc90a6,ev-1398efcb2ecc90a6,none,main.bicep#L1804,passed
Architecture Diagram to IaC Compiler.pptx:slide8.xml:36,ev-95399f9473793801,node,ev-95399f9473793801,ev-95399f9473793801,none,main.bicep#L1812,passed
Architecture Diagram to IaC Compiler.pptx:slide8.xml:37,ev-48d4bd28d725c85a,node,ev-48d4bd28d725c85a,ev-48d4bd28d725c85a,none,main.bicep#L1820,passed
Architecture Diagram to IaC Compiler.pptx:slide9.xml:2,ev-05b5c858c3d0b17e,node,ev-05b5c858c3d0b17e,ev-05b5c858c3d0b17e,question:DECORATIVE_SHAPE_UNLABELED,main.bicep#L1828,passed
Architecture Diagram to IaC Compiler.pptx:slide9.xml:3,ev-e7fc89e9b02929f8,node,ev-e7fc89e9b02929f8,ev-e7fc89e9b02929f8,question:DECORATIVE_SHAPE_UNLABELED,main.bicep#L1836,passed
Architecture Diagram to IaC Compiler.pptx:slide9.xml:4,ev-3b01ed2c70fec871,node,ev-3b01ed2c70fec871,ev-3b01ed2c70fec871,none,main.bicep#L1844,passed
Architecture Diagram to IaC Compiler.pptx:slide9.xml:5,ev-9c8383ad9b883859,node,ev-9c8383ad9b883859,ev-9c8383ad9b883859,none,main.bicep#L1852,passed
Architecture Diagram to IaC Compiler.pptx:slide9.xml:6,ev-4b70d44e2235fc34,node,ev-4b70d44e2235fc34,ev-4b70d44e2235fc34,question:DECORATIVE_SHAPE_UNLABELED,main.bicep#L1860,passed
Architecture Diagram to IaC Compiler.pptx:slide9.xml:7,ev-36df4f429cc96d31,node,ev-36df4f429cc96d31,ev-36df4f429cc96d31,none,main.bicep#L1868,passed
Architecture Diagram to IaC Compiler.pptx:slide9.xml:8,ev-a740bc3b6ba68e82,edge,ev-a740bc3b6ba68e82,,none,main.bicep#L4176,passed
Architecture Diagram to IaC Compiler.pptx:slide9.xml:9,ev-8f5783ea5eabe30d,node,ev-8f5783ea5eabe30d,ev-8f5783ea5eabe30d,none,main.bicep#L1876,passed
Architecture Diagram to IaC Compiler.pptx:slide9.xml:10,ev-4c4a04841ff0c53f,node,ev-4c4a04841ff0c53f,ev-4c4a04841ff0c53f,question:DECORATIVE_SHAPE_UNLABELED,main.bicep#L1884,passed
Architecture Diagram to IaC Compiler.pptx:slide9.xml:11,ev-98e0e283f1a7dfd9,node,ev-98e0e283f1a7dfd9,ev-98e0e283f1a7dfd9,none,main.bicep#L1892,passed
Architecture Diagram to IaC Compiler.pptx:slide9.xml:12,ev-24ecb66426564988,edge,ev-24ecb66426564988,,none,main.bicep#L4182,passed
Architecture Diagram to IaC Compiler.pptx:slide9.xml:13,ev-bd9b11db69e33bc6,node,ev-bd9b11db69e33bc6,ev-bd9b11db69e33bc6,none,main.bicep#L1900,passed
Architecture Diagram to IaC Compiler.pptx:slide9.xml:14,ev-d99023addee30b43,node,ev-d99023addee30b43,ev-d99023addee30b43,question:DECORATIVE_SHAPE_UNLABELED,main.bicep#L1908,passed
Architecture Diagram to IaC Compiler.pptx:slide9.xml:15,ev-252adf72f29e851c,node,ev-252adf72f29e851c,ev-252adf72f29e851c,none,main.bicep#L1916,passed
Architecture Diagram to IaC Compiler.pptx:slide9.xml:16,ev-f40f4abbe413efe7,edge,ev-f40f4abbe413efe7,,none,main.bicep#L4188,passed
Architecture Diagram to IaC Compiler.pptx:slide9.xml:17,ev-13e6fc7f538e633a,node,ev-13e6fc7f538e633a,ev-13e6fc7f538e633a,none,main.bicep#L1924,passed
Architecture Diagram to IaC Compiler.pptx:slide9.xml:18,ev-123037a38e0505fe,node,ev-123037a38e0505fe,ev-123037a38e0505fe,question:DECORATIVE_SHAPE_UNLABELED,main.bicep#L1932,passed
Architecture Diagram to IaC Compiler.pptx:slide9.xml:19,ev-24f9a834a2a6c7c9,node,ev-24f9a834a2a6c7c9,ev-24f9a834a2a6c7c9,none,main.bicep#L1940,passed
Architecture Diagram to IaC Compiler.pptx:slide9.xml:20,ev-1da45ba0d9af2176,edge,ev-1da45ba0d9af2176,,none,main.bicep#L4194,passed
Architecture Diagram to IaC Compiler.pptx:slide9.xml:21,ev-de30f80af95ac432,node,ev-de30f80af95ac432,ev-de30f80af95ac432,none,main.bicep#L1948,passed
Architecture Diagram to IaC Compiler.pptx:slide9.xml:22,ev-f941c11b12b684f2,node,ev-f941c11b12b684f2,ev-f941c11b12b684f2,question:DECORATIVE_SHAPE_UNLABELED,main.bicep#L1956,passed
Architecture Diagram to IaC Compiler.pptx:slide9.xml:23,ev-3ac498c28c1f130a,node,ev-3ac498c28c1f130a,ev-3ac498c28c1f130a,none,main.bicep#L1964,passed
Architecture Diagram to IaC Compiler.pptx:slide9.xml:24,ev-867f0dccc910a4c8,edge,ev-867f0dccc910a4c8,,none,main.bicep#L4200,passed
Architecture Diagram to IaC Compiler.pptx:slide9.xml:25,ev-7f1bb22df6519323,node,ev-7f1bb22df6519323,ev-7f1bb22df6519323,none,main.bicep#L1972,passed
Architecture Diagram to IaC Compiler.pptx:slide9.xml:26,ev-4b5b5383ee0ff7cf,node,ev-4b5b5383ee0ff7cf,ev-4b5b5383ee0ff7cf,question:DECORATIVE_SHAPE_UNLABELED,main.bicep#L1980,passed
Architecture Diagram to IaC Compiler.pptx:slide9.xml:27,ev-dde102cd4860b80f,node,ev-dde102cd4860b80f,ev-dde102cd4860b80f,none,main.bicep#L1988,passed
Architecture Diagram to IaC Compiler.pptx:slide9.xml:28,ev-1a874d0e8072d169,edge,ev-1a874d0e8072d169,,none,main.bicep#L4206,passed
Architecture Diagram to IaC Compiler.pptx:slide9.xml:29,ev-3d1423ae0aa780ad,node,ev-3d1423ae0aa780ad,ev-3d1423ae0aa780ad,none,main.bicep#L1996,passed
Architecture Diagram to IaC Compiler.pptx:slide9.xml:30,ev-9d0b75493d173ac7,node,ev-9d0b75493d173ac7,ev-9d0b75493d173ac7,none,main.bicep#L2004,passed
Architecture Diagram to IaC Compiler.pptx:slide9.xml:31,ev-859278d797dd8b9e,node,ev-859278d797dd8b9e,ev-859278d797dd8b9e,question:DECORATIVE_SHAPE_UNLABELED,main.bicep#L2012,passed
Architecture Diagram to IaC Compiler.pptx:slide9.xml:32,ev-e06acf93a87273a7,node,ev-e06acf93a87273a7,ev-e06acf93a87273a7,none,main.bicep#L2020,passed
Architecture Diagram to IaC Compiler.pptx:slide9.xml:33,ev-c3867fe44d1aeabc,edge,ev-c3867fe44d1aeabc,,question:LOW_EDGE_CONFIDENCE,main.bicep#L4212,passed
Architecture Diagram to IaC Compiler.pptx:slide9.xml:34,ev-1e4af984ab71abd2,node,ev-1e4af984ab71abd2,ev-1e4af984ab71abd2,question:DECORATIVE_SHAPE_UNLABELED,main.bicep#L2028,passed
Architecture Diagram to IaC Compiler.pptx:slide9.xml:35,ev-1655c34933c2ccb6,node,ev-1655c34933c2ccb6,ev-1655c34933c2ccb6,none,main.bicep#L2036,passed
Architecture Diagram to IaC Compiler.pptx:slide9.xml:36,ev-082231873dc88dc7,edge,ev-082231873dc88dc7,,question:LOW_EDGE_CONFIDENCE,main.bicep#L4218,passed
Architecture Diagram to IaC Compiler.pptx:slide9.xml:37,ev-47e8dbf5a54c1f70,node,ev-47e8dbf5a54c1f70,ev-47e8dbf5a54c1f70,question:DECORATIVE_SHAPE_UNLABELED,main.bicep#L2044,passed
Architecture Diagram to IaC Compiler.pptx:slide9.xml:38,ev-948ca6ea0657d643,node,ev-948ca6ea0657d643,ev-948ca6ea0657d643,none,main.bicep#L2052,passed
Architecture Diagram to IaC Compiler.pptx:slide9.xml:39,ev-c0727de664f6cf8f,edge,ev-c0727de664f6cf8f,,question:LOW_EDGE_CONFIDENCE,main.bicep#L4224,passed
Architecture Diagram to IaC Compiler.pptx:slide9.xml:40,ev-29fc7ca9e431f666,node,ev-29fc7ca9e431f666,ev-29fc7ca9e431f666,question:DECORATIVE_SHAPE_UNLABELED,main.bicep#L2060,passed
Architecture Diagram to IaC Compiler.pptx:slide9.xml:41,ev-aa849a22fd1d9541,node,ev-aa849a22fd1d9541,ev-aa849a22fd1d9541,none,main.bicep#L7,passed
Architecture Diagram to IaC Compiler.pptx:slide9.xml:42,ev-8b39a031bbe62368,edge,ev-8b39a031bbe62368,,question:LOW_EDGE_CONFIDENCE,main.bicep#L4230,passed
Architecture Diagram to IaC Compiler.pptx:slide9.xml:43,ev-c90e96c65895fdd5,node,ev-c90e96c65895fdd5,ev-c90e96c65895fdd5,question:DECORATIVE_SHAPE_UNLABELED,main.bicep#L2068,passed
Architecture Diagram to IaC Compiler.pptx:slide9.xml:44,ev-5b256cbfbe787bb7,node,ev-5b256cbfbe787bb7,ev-5b256cbfbe787bb7,none,main.bicep#L30,passed
Architecture Diagram to IaC Compiler.pptx:slide9.xml:45,ev-f429a72e8eca1f88,edge,ev-f429a72e8eca1f88,,question:LOW_EDGE_CONFIDENCE,main.bicep#L4236,passed
Architecture Diagram to IaC Compiler.pptx:slide9.xml:46,ev-9d21452221dbda37,node,ev-9d21452221dbda37,ev-9d21452221dbda37,question:DECORATIVE_SHAPE_UNLABELED,main.bicep#L2076,passed
Architecture Diagram to IaC Compiler.pptx:slide9.xml:47,ev-8654ecc43951369e,node,ev-8654ecc43951369e,ev-8654ecc43951369e,none,main.bicep#L2084,passed
Architecture Diagram to IaC Compiler.pptx:slide9.xml:48,ev-6bc4f1b7fa84e74d,node,ev-6bc4f1b7fa84e74d,ev-6bc4f1b7fa84e74d,none,main.bicep#L2092,passed
Architecture Diagram to IaC Compiler.pptx:slide9.xml:49,ev-a5caa246be1253a3,node,ev-a5caa246be1253a3,ev-a5caa246be1253a3,none,main.bicep#L2100,passed
Architecture Diagram to IaC Compiler.pptx:slide10.xml:2,ev-ddfd93ccbe8fa1b2,node,ev-ddfd93ccbe8fa1b2,ev-ddfd93ccbe8fa1b2,question:DECORATIVE_SHAPE_UNLABELED,main.bicep#L2108,passed
Architecture Diagram to IaC Compiler.pptx:slide10.xml:3,ev-8696e36af315f8e0,node,ev-8696e36af315f8e0,ev-8696e36af315f8e0,question:DECORATIVE_SHAPE_UNLABELED,main.bicep#L2116,passed
Architecture Diagram to IaC Compiler.pptx:slide10.xml:4,ev-a8f891aeeddcb8e5,node,ev-a8f891aeeddcb8e5,ev-a8f891aeeddcb8e5,none,main.bicep#L2124,passed
Architecture Diagram to IaC Compiler.pptx:slide10.xml:5,ev-f3a0c5883a1ffe2b,node,ev-f3a0c5883a1ffe2b,ev-f3a0c5883a1ffe2b,none,main.bicep#L2132,passed
Architecture Diagram to IaC Compiler.pptx:slide10.xml:6,ev-a926e17ff37bd9dd,node,ev-a926e17ff37bd9dd,ev-a926e17ff37bd9dd,question:DECORATIVE_SHAPE_UNLABELED,main.bicep#L2140,passed
Architecture Diagram to IaC Compiler.pptx:slide10.xml:7,ev-93740da57a80363a,node,ev-93740da57a80363a,ev-93740da57a80363a,none,main.bicep#L2148,passed
Architecture Diagram to IaC Compiler.pptx:slide10.xml:8,ev-7935c7665163881f,node,ev-7935c7665163881f,ev-7935c7665163881f,question:DECORATIVE_SHAPE_UNLABELED,main.bicep#L2156,passed
Architecture Diagram to IaC Compiler.pptx:slide10.xml:9,ev-b13d537187a4dc25,node,ev-b13d537187a4dc25,ev-b13d537187a4dc25,none,main.bicep#L2164,passed
Architecture Diagram to IaC Compiler.pptx:slide10.xml:10,ev-5095c8ff0fa03b63,node,ev-5095c8ff0fa03b63,ev-5095c8ff0fa03b63,question:DECORATIVE_SHAPE_UNLABELED,main.bicep#L2172,passed
Architecture Diagram to IaC Compiler.pptx:slide10.xml:11,ev-44140de6a223b2bf,node,ev-44140de6a223b2bf,ev-44140de6a223b2bf,none,main.bicep#L2180,passed
Architecture Diagram to IaC Compiler.pptx:slide10.xml:12,ev-5403d1db16a3b786,node,ev-5403d1db16a3b786,ev-5403d1db16a3b786,question:DECORATIVE_SHAPE_UNLABELED,main.bicep#L2188,passed
Architecture Diagram to IaC Compiler.pptx:slide10.xml:13,ev-0837f3898a49ad29,node,ev-0837f3898a49ad29,ev-0837f3898a49ad29,none,main.bicep#L2196,passed
Architecture Diagram to IaC Compiler.pptx:slide10.xml:14,ev-316e623366f3cb4d,node,ev-316e623366f3cb4d,ev-316e623366f3cb4d,question:DECORATIVE_SHAPE_UNLABELED,main.bicep#L2204,passed
Architecture Diagram to IaC Compiler.pptx:slide10.xml:15,ev-821460e9de454f2d,node,ev-821460e9de454f2d,ev-821460e9de454f2d,none,main.bicep#L2212,passed
Architecture Diagram to IaC Compiler.pptx:slide10.xml:16,ev-4a68a44ad186e098,node,ev-4a68a44ad186e098,ev-4a68a44ad186e098,question:DECORATIVE_SHAPE_UNLABELED,main.bicep#L2220,passed
Architecture Diagram to IaC Compiler.pptx:slide10.xml:17,ev-82d85fa612e2fdb6,node,ev-82d85fa612e2fdb6,ev-82d85fa612e2fdb6,none,main.bicep#L2228,passed
Architecture Diagram to IaC Compiler.pptx:slide10.xml:18,ev-21317434cf9f8abb,node,ev-21317434cf9f8abb,ev-21317434cf9f8abb,question:DECORATIVE_SHAPE_UNLABELED,main.bicep#L2236,passed
Architecture Diagram to IaC Compiler.pptx:slide10.xml:19,ev-5c9af2a83b96bb8c,node,ev-5c9af2a83b96bb8c,ev-5c9af2a83b96bb8c,none,main.bicep#L2244,passed
Architecture Diagram to IaC Compiler.pptx:slide10.xml:20,ev-1010af463c2622be,node,ev-1010af463c2622be,ev-1010af463c2622be,question:DECORATIVE_SHAPE_UNLABELED,main.bicep#L2252,passed
Architecture Diagram to IaC Compiler.pptx:slide10.xml:21,ev-0a6e65bd1aba5a2e,node,ev-0a6e65bd1aba5a2e,ev-0a6e65bd1aba5a2e,none,main.bicep#L2260,passed
Architecture Diagram to IaC Compiler.pptx:slide10.xml:22,ev-75441227f512107d,node,ev-75441227f512107d,ev-75441227f512107d,question:DECORATIVE_SHAPE_UNLABELED,main.bicep#L2268,passed
Architecture Diagram to IaC Compiler.pptx:slide10.xml:23,ev-e0e982e9391554f9,node,ev-e0e982e9391554f9,ev-e0e982e9391554f9,none,main.bicep#L2276,passed
Architecture Diagram to IaC Compiler.pptx:slide10.xml:24,ev-a41fefee4d17f142,node,ev-a41fefee4d17f142,ev-a41fefee4d17f142,question:DECORATIVE_SHAPE_UNLABELED,main.bicep#L2284,passed
Architecture Diagram to IaC Compiler.pptx:slide10.xml:25,ev-8b2a191ef49951e2,node,ev-8b2a191ef49951e2,ev-8b2a191ef49951e2,none,main.bicep#L2292,passed
Architecture Diagram to IaC Compiler.pptx:slide10.xml:26,ev-3d0d79f11cd2b7b6,edge,ev-3d0d79f11cd2b7b6,,question:LOW_EDGE_CONFIDENCE,main.bicep#L4242,passed
Architecture Diagram to IaC Compiler.pptx:slide10.xml:27,ev-5bb11a2e11d270ce,edge,ev-5bb11a2e11d270ce,,question:LOW_EDGE_CONFIDENCE,main.bicep#L4248,passed
Architecture Diagram to IaC Compiler.pptx:slide10.xml:28,ev-56b606a1aff06f93,node,ev-56b606a1aff06f93,ev-56b606a1aff06f93,question:DECORATIVE_SHAPE_UNLABELED,main.bicep#L2300,passed
Architecture Diagram to IaC Compiler.pptx:slide10.xml:29,ev-eb721934a01f4f4f,node,ev-eb721934a01f4f4f,ev-eb721934a01f4f4f,question:DECORATIVE_SHAPE_UNLABELED,main.bicep#L2308,passed
Architecture Diagram to IaC Compiler.pptx:slide10.xml:31,ev-7e86359723801c12,node,ev-7e86359723801c12,ev-7e86359723801c12,none,main.bicep#L2316,passed
Architecture Diagram to IaC Compiler.pptx:slide10.xml:32,ev-568c69eb3b9dabfa,node,ev-568c69eb3b9dabfa,ev-568c69eb3b9dabfa,none,main.bicep#L2324,passed
Architecture Diagram to IaC Compiler.pptx:slide10.xml:33,ev-18d6cf0cee695aac,node,ev-18d6cf0cee695aac,ev-18d6cf0cee695aac,question:DECORATIVE_SHAPE_UNLABELED,main.bicep#L2332,passed
Architecture Diagram to IaC Compiler.pptx:slide10.xml:34,ev-eddfa49f2eafa1e7,node,ev-eddfa49f2eafa1e7,ev-eddfa49f2eafa1e7,question:DECORATIVE_SHAPE_UNLABELED,main.bicep#L2340,passed
Architecture Diagram to IaC Compiler.pptx:slide10.xml:36,ev-3097478da374711f,node,ev-3097478da374711f,ev-3097478da374711f,none,main.bicep#L2348,passed
Architecture Diagram to IaC Compiler.pptx:slide10.xml:37,ev-0ca0b9b299dc3a46,node,ev-0ca0b9b299dc3a46,ev-0ca0b9b299dc3a46,none,main.bicep#L2356,passed
Architecture Diagram to IaC Compiler.pptx:slide10.xml:38,ev-a6bac2b3c0d128c9,node,ev-a6bac2b3c0d128c9,ev-a6bac2b3c0d128c9,none,main.bicep#L2364,passed
Architecture Diagram to IaC Compiler.pptx:slide10.xml:39,ev-f6dc889ccb842fab,node,ev-f6dc889ccb842fab,ev-f6dc889ccb842fab,none,main.bicep#L2372,passed
Architecture Diagram to IaC Compiler.pptx:slide10.xml:40,ev-bbacb9184d97c247,node,ev-bbacb9184d97c247,ev-bbacb9184d97c247,none,main.bicep#L2380,passed
Architecture Diagram to IaC Compiler.pptx:slide11.xml:2,ev-aeef17111ec48cfc,node,ev-aeef17111ec48cfc,ev-aeef17111ec48cfc,question:DECORATIVE_SHAPE_UNLABELED,main.bicep#L2388,passed
Architecture Diagram to IaC Compiler.pptx:slide11.xml:3,ev-4414de8893aa0407,node,ev-4414de8893aa0407,ev-4414de8893aa0407,question:DECORATIVE_SHAPE_UNLABELED,main.bicep#L2396,passed
Architecture Diagram to IaC Compiler.pptx:slide11.xml:4,ev-b6664bb98a937fb9,node,ev-b6664bb98a937fb9,ev-b6664bb98a937fb9,none,main.bicep#L2404,passed
Architecture Diagram to IaC Compiler.pptx:slide11.xml:5,ev-5c6b937e7943877b,node,ev-5c6b937e7943877b,ev-5c6b937e7943877b,none,main.bicep#L2412,passed
Architecture Diagram to IaC Compiler.pptx:slide11.xml:6,ev-e740803842048139,node,ev-e740803842048139,ev-e740803842048139,question:DECORATIVE_SHAPE_UNLABELED,main.bicep#L2420,passed
Architecture Diagram to IaC Compiler.pptx:slide11.xml:7,ev-1542ddda74ab4ef8,node,ev-1542ddda74ab4ef8,ev-1542ddda74ab4ef8,question:DECORATIVE_SHAPE_UNLABELED,main.bicep#L2428,passed
Architecture Diagram to IaC Compiler.pptx:slide11.xml:8,ev-8f4945a687a94ed5,node,ev-8f4945a687a94ed5,ev-8f4945a687a94ed5,none,main.bicep#L2436,passed
Architecture Diagram to IaC Compiler.pptx:slide11.xml:9,ev-3407d9f53682c433,node,ev-3407d9f53682c433,ev-3407d9f53682c433,none,main.bicep#L2444,passed
Architecture Diagram to IaC Compiler.pptx:slide11.xml:10,ev-b445bdbe39915fdb,node,ev-b445bdbe39915fdb,ev-b445bdbe39915fdb,question:DECORATIVE_SHAPE_UNLABELED,main.bicep#L2452,passed
Architecture Diagram to IaC Compiler.pptx:slide11.xml:11,ev-11a2317ebed4dbe3,node,ev-11a2317ebed4dbe3,ev-11a2317ebed4dbe3,question:DECORATIVE_SHAPE_UNLABELED,main.bicep#L2460,passed
Architecture Diagram to IaC Compiler.pptx:slide11.xml:12,ev-dda565101ad953a3,node,ev-dda565101ad953a3,ev-dda565101ad953a3,none,main.bicep#L2468,passed
Architecture Diagram to IaC Compiler.pptx:slide11.xml:13,ev-068beb5249fce997,node,ev-068beb5249fce997,ev-068beb5249fce997,none,main.bicep#L2476,passed
Architecture Diagram to IaC Compiler.pptx:slide11.xml:14,ev-ec3a724eb22c4314,node,ev-ec3a724eb22c4314,ev-ec3a724eb22c4314,question:DECORATIVE_SHAPE_UNLABELED,main.bicep#L2484,passed
Architecture Diagram to IaC Compiler.pptx:slide11.xml:15,ev-16dfa1da6cd0e0a1,node,ev-16dfa1da6cd0e0a1,ev-16dfa1da6cd0e0a1,question:DECORATIVE_SHAPE_UNLABELED,main.bicep#L2492,passed
Architecture Diagram to IaC Compiler.pptx:slide11.xml:16,ev-1088103f947f508e,node,ev-1088103f947f508e,ev-1088103f947f508e,none,main.bicep#L2500,passed
Architecture Diagram to IaC Compiler.pptx:slide11.xml:17,ev-76dd92bf8b431a6d,node,ev-76dd92bf8b431a6d,ev-76dd92bf8b431a6d,none,main.bicep#L2508,passed
Architecture Diagram to IaC Compiler.pptx:slide11.xml:18,ev-6fda81fe734ba163,node,ev-6fda81fe734ba163,ev-6fda81fe734ba163,question:DECORATIVE_SHAPE_UNLABELED,main.bicep#L2516,passed
Architecture Diagram to IaC Compiler.pptx:slide11.xml:19,ev-4dda241e318f32de,node,ev-4dda241e318f32de,ev-4dda241e318f32de,question:DECORATIVE_SHAPE_UNLABELED,main.bicep#L2524,passed
Architecture Diagram to IaC Compiler.pptx:slide11.xml:20,ev-92d28b098e83c509,node,ev-92d28b098e83c509,ev-92d28b098e83c509,none,main.bicep#L2532,passed
Architecture Diagram to IaC Compiler.pptx:slide11.xml:21,ev-0a04aef0efe13738,node,ev-0a04aef0efe13738,ev-0a04aef0efe13738,none,main.bicep#L2540,passed
Architecture Diagram to IaC Compiler.pptx:slide11.xml:22,ev-e1bf92b85bc6d306,node,ev-e1bf92b85bc6d306,ev-e1bf92b85bc6d306,none,main.bicep#L2548,passed
Architecture Diagram to IaC Compiler.pptx:slide11.xml:23,ev-88f5d8163eaa63a4,node,ev-88f5d8163eaa63a4,ev-88f5d8163eaa63a4,question:DECORATIVE_SHAPE_UNLABELED,main.bicep#L2556,passed
Architecture Diagram to IaC Compiler.pptx:slide11.xml:25,ev-233346ddf0b93565,node,ev-233346ddf0b93565,ev-233346ddf0b93565,none,main.bicep#L2564,passed
Architecture Diagram to IaC Compiler.pptx:slide11.xml:26,ev-ab3c5f4d972ad01e,node,ev-ab3c5f4d972ad01e,ev-ab3c5f4d972ad01e,question:DECORATIVE_SHAPE_UNLABELED,main.bicep#L2572,passed
Architecture Diagram to IaC Compiler.pptx:slide11.xml:28,ev-02f7cc2452366653,node,ev-02f7cc2452366653,ev-02f7cc2452366653,none,main.bicep#L2580,passed
Architecture Diagram to IaC Compiler.pptx:slide11.xml:29,ev-d8b0771f1a144fc5,node,ev-d8b0771f1a144fc5,ev-d8b0771f1a144fc5,question:DECORATIVE_SHAPE_UNLABELED,main.bicep#L2588,passed
Architecture Diagram to IaC Compiler.pptx:slide11.xml:31,ev-a36932e485a854b0,node,ev-a36932e485a854b0,ev-a36932e485a854b0,none,main.bicep#L2596,passed
Architecture Diagram to IaC Compiler.pptx:slide11.xml:32,ev-0e0cc2842fcf8da8,node,ev-0e0cc2842fcf8da8,ev-0e0cc2842fcf8da8,question:DECORATIVE_SHAPE_UNLABELED,main.bicep#L2604,passed
Architecture Diagram to IaC Compiler.pptx:slide11.xml:34,ev-be7470c641e7f470,node,ev-be7470c641e7f470,ev-be7470c641e7f470,none,main.bicep#L2612,passed
Architecture Diagram to IaC Compiler.pptx:slide11.xml:35,ev-08d4117f9b69ee1a,node,ev-08d4117f9b69ee1a,ev-08d4117f9b69ee1a,none,main.bicep#L2620,passed
Architecture Diagram to IaC Compiler.pptx:slide11.xml:36,ev-289b90b84ce7b52c,node,ev-289b90b84ce7b52c,ev-289b90b84ce7b52c,none,main.bicep#L2628,passed
Architecture Diagram to IaC Compiler.pptx:slide12.xml:2,ev-22f9e8c75c6d552f,node,ev-22f9e8c75c6d552f,ev-22f9e8c75c6d552f,question:DECORATIVE_SHAPE_UNLABELED,main.bicep#L2636,passed
Architecture Diagram to IaC Compiler.pptx:slide12.xml:3,ev-df138c2af0c0e84e,node,ev-df138c2af0c0e84e,ev-df138c2af0c0e84e,question:DECORATIVE_SHAPE_UNLABELED,main.bicep#L2644,passed
Architecture Diagram to IaC Compiler.pptx:slide12.xml:4,ev-92ecfa6e2a3965a7,node,ev-92ecfa6e2a3965a7,ev-92ecfa6e2a3965a7,none,main.bicep#L2652,passed
Architecture Diagram to IaC Compiler.pptx:slide12.xml:5,ev-2e7ad886e871206c,node,ev-2e7ad886e871206c,ev-2e7ad886e871206c,none,main.bicep#L2660,passed
Architecture Diagram to IaC Compiler.pptx:slide12.xml:6,ev-8fbf6b636a815cc5,node,ev-8fbf6b636a815cc5,ev-8fbf6b636a815cc5,question:DECORATIVE_SHAPE_UNLABELED,main.bicep#L2668,passed
Architecture Diagram to IaC Compiler.pptx:slide12.xml:7,ev-37a9f0216c77fa60,node,ev-37a9f0216c77fa60,ev-37a9f0216c77fa60,none,main.bicep#L2676,passed
Architecture Diagram to IaC Compiler.pptx:slide12.xml:8,ev-5bad7f7ef6cd3930,edge,ev-5bad7f7ef6cd3930,,question:LOW_EDGE_CONFIDENCE,main.bicep#L4254,passed
Architecture Diagram to IaC Compiler.pptx:slide12.xml:9,ev-5d4c00419ae49ce1,edge,ev-5d4c00419ae49ce1,,question:LOW_EDGE_CONFIDENCE,main.bicep#L4260,passed
Architecture Diagram to IaC Compiler.pptx:slide12.xml:10,ev-0a3e682ed98b2052,node,ev-0a3e682ed98b2052,ev-0a3e682ed98b2052,question:DECORATIVE_SHAPE_UNLABELED,main.bicep#L2684,passed
Architecture Diagram to IaC Compiler.pptx:slide12.xml:11,ev-c8e817f3f3d789d5,node,ev-c8e817f3f3d789d5,ev-c8e817f3f3d789d5,question:DECORATIVE_SHAPE_UNLABELED,main.bicep#L2692,passed
Architecture Diagram to IaC Compiler.pptx:slide12.xml:13,ev-df94997259438d79,node,ev-df94997259438d79,ev-df94997259438d79,none,main.bicep#L2700,passed
Architecture Diagram to IaC Compiler.pptx:slide12.xml:14,ev-eacb18d3c19d095c,node,ev-eacb18d3c19d095c,ev-eacb18d3c19d095c,none,main.bicep#L2708,passed
Architecture Diagram to IaC Compiler.pptx:slide12.xml:15,ev-b432cefca50a9e2c,node,ev-b432cefca50a9e2c,ev-b432cefca50a9e2c,question:DECORATIVE_SHAPE_UNLABELED,main.bicep#L2716,passed
Architecture Diagram to IaC Compiler.pptx:slide12.xml:16,ev-8cb0a940b44260b1,node,ev-8cb0a940b44260b1,ev-8cb0a940b44260b1,question:DECORATIVE_SHAPE_UNLABELED,main.bicep#L2724,passed
Architecture Diagram to IaC Compiler.pptx:slide12.xml:18,ev-9dc00639269eca70,node,ev-9dc00639269eca70,ev-9dc00639269eca70,none,main.bicep#L2732,passed
Architecture Diagram to IaC Compiler.pptx:slide12.xml:19,ev-1d1ea179d543a1d7,node,ev-1d1ea179d543a1d7,ev-1d1ea179d543a1d7,none,main.bicep#L2740,passed
Architecture Diagram to IaC Compiler.pptx:slide12.xml:20,ev-73ee3510bf454e53,node,ev-73ee3510bf454e53,ev-73ee3510bf454e53,question:DECORATIVE_SHAPE_UNLABELED,main.bicep#L2748,passed
Architecture Diagram to IaC Compiler.pptx:slide12.xml:21,ev-12683d54d7415384,node,ev-12683d54d7415384,ev-12683d54d7415384,question:DECORATIVE_SHAPE_UNLABELED,main.bicep#L2756,passed
Architecture Diagram to IaC Compiler.pptx:slide12.xml:22,ev-686f06ceb212acc3,node,ev-686f06ceb212acc3,ev-686f06ceb212acc3,none,main.bicep#L2764,passed
Architecture Diagram to IaC Compiler.pptx:slide12.xml:23,ev-ae018bd16b7241c8,node,ev-ae018bd16b7241c8,ev-ae018bd16b7241c8,none,main.bicep#L2772,passed
Architecture Diagram to IaC Compiler.pptx:slide12.xml:24,ev-bd3dafaccf50abf4,node,ev-bd3dafaccf50abf4,ev-bd3dafaccf50abf4,none,main.bicep#L2780,passed
Architecture Diagram to IaC Compiler.pptx:slide13.xml:2,ev-e617d6369980d229,node,ev-e617d6369980d229,ev-e617d6369980d229,question:SHAPE_TEXT_MISSING,main.bicep#L2788,passed
Architecture Diagram to IaC Compiler.pptx:slide13.xml:3,ev-95a14dca55285a2d,node,ev-95a14dca55285a2d,ev-95a14dca55285a2d,question:SHAPE_TEXT_MISSING,main.bicep#L2796,passed
Architecture Diagram to IaC Compiler.pptx:slide13.xml:4,ev-2f3f9a50355c7503,node,ev-2f3f9a50355c7503,ev-2f3f9a50355c7503,none,main.bicep#L2804,passed
Architecture Diagram to IaC Compiler.pptx:slide13.xml:5,ev-c8edcdb35b3e9d21,node,ev-c8edcdb35b3e9d21,ev-c8edcdb35b3e9d21,none,main.bicep#L2812,passed
Architecture Diagram to IaC Compiler.pptx:slide13.xml:6,ev-9ae06cf81e0f4b86,node,ev-9ae06cf81e0f4b86,ev-9ae06cf81e0f4b86,none,main.bicep#L2820,passed
Architecture Diagram to IaC Compiler.pptx:slide13.xml:7,ev-2f54d5b6a55d9b62,node,ev-2f54d5b6a55d9b62,ev-2f54d5b6a55d9b62,question:SHAPE_TEXT_MISSING,main.bicep#L2828,passed
Architecture Diagram to IaC Compiler.pptx:slide13.xml:8,ev-db09fc58b82d62c8,node,ev-db09fc58b82d62c8,ev-db09fc58b82d62c8,none,main.bicep#L2836,passed
Architecture Diagram to IaC Compiler.pptx:slide13.xml:9,ev-bd2b32fe87eb5e84,node,ev-bd2b32fe87eb5e84,ev-bd2b32fe87eb5e84,none,main.bicep#L2844,passed
Architecture Diagram to IaC Compiler.pptx:slide13.xml:10,ev-1a7a219b105256a6,node,ev-1a7a219b105256a6,ev-1a7a219b105256a6,none,main.bicep#L2852,passed
Architecture Diagram to IaC Compiler.pptx:slide13.xml:11,ev-c1e298a136f35b2d,node,ev-c1e298a136f35b2d,ev-c1e298a136f35b2d,none,main.bicep#L2860,passed
Architecture Diagram to IaC Compiler.pptx:slide13.xml:12,ev-5c83f17b30b955a1,node,ev-5c83f17b30b955a1,ev-5c83f17b30b955a1,none,main.bicep#L2868,passed
Architecture Diagram to IaC Compiler.pptx:slide13.xml:13,ev-6284b9015ce97eed,node,ev-6284b9015ce97eed,ev-6284b9015ce97eed,none,main.bicep#L2876,passed
Architecture Diagram to IaC Compiler.pptx:slide13.xml:14,ev-dbf61e79ea7a24bc,node,ev-dbf61e79ea7a24bc,ev-dbf61e79ea7a24bc,none,main.bicep#L2884,passed
Architecture Diagram to IaC Compiler.pptx:slide13.xml:15,ev-a216907fd51e4b7a,node,ev-a216907fd51e4b7a,ev-a216907fd51e4b7a,none,main.bicep#L2892,passed
Architecture Diagram to IaC Compiler.pptx:slide13.xml:16,ev-ff014b0f67030b83,node,ev-ff014b0f67030b83,ev-ff014b0f67030b83,question:SHAPE_TEXT_MISSING,main.bicep#L2900,passed
Architecture Diagram to IaC Compiler.pptx:slide13.xml:17,ev-a3cc9e195dfba081,node,ev-a3cc9e195dfba081,ev-a3cc9e195dfba081,none,main.bicep#L2908,passed
Architecture Diagram to IaC Compiler.pptx:slide13.xml:18,ev-0f7e3faba6ac4fce,node,ev-0f7e3faba6ac4fce,ev-0f7e3faba6ac4fce,none,main.bicep#L2916,passed
Architecture Diagram to IaC Compiler.pptx:slide13.xml:19,ev-041662fe1c4b5519,node,ev-041662fe1c4b5519,ev-041662fe1c4b5519,none,main.bicep#L2924,passed
Architecture Diagram to IaC Compiler.pptx:slide13.xml:20,ev-3d6230b3998618b1,node,ev-3d6230b3998618b1,ev-3d6230b3998618b1,question:SHAPE_TEXT_MISSING,main.bicep#L2932,passed
Architecture Diagram to IaC Compiler.pptx:slide13.xml:21,ev-b179ad0bacfb3341,node,ev-b179ad0bacfb3341,ev-b179ad0bacfb3341,none,main.bicep#L2940,passed
Architecture Diagram to IaC Compiler.pptx:slide13.xml:22,ev-ae73c20fc5c85a32,node,ev-ae73c20fc5c85a32,ev-ae73c20fc5c85a32,none,main.bicep#L2948,passed
Architecture Diagram to IaC Compiler.pptx:slide13.xml:23,ev-a4f5a7d77c3d2cb9,node,ev-a4f5a7d77c3d2cb9,ev-a4f5a7d77c3d2cb9,none,main.bicep#L2956,passed
Architecture Diagram to IaC Compiler.pptx:slide13.xml:24,ev-41682b47c6d2ffcb,node,ev-41682b47c6d2ffcb,ev-41682b47c6d2ffcb,question:SHAPE_TEXT_MISSING,main.bicep#L2964,passed
Architecture Diagram to IaC Compiler.pptx:slide13.xml:25,ev-b01af9b58dc6f990,node,ev-b01af9b58dc6f990,ev-b01af9b58dc6f990,none,main.bicep#L2972,passed
Architecture Diagram to IaC Compiler.pptx:slide13.xml:26,ev-ef235c7f4643730e,node,ev-ef235c7f4643730e,ev-ef235c7f4643730e,none,main.bicep#L2980,passed
Architecture Diagram to IaC Compiler.pptx:slide13.xml:27,ev-b6a5b951f6ff2e24,node,ev-b6a5b951f6ff2e24,ev-b6a5b951f6ff2e24,none,main.bicep#L2988,passed
Architecture Diagram to IaC Compiler.pptx:slide13.xml:28,ev-c2d6bbaaf99028e0,node,ev-c2d6bbaaf99028e0,ev-c2d6bbaaf99028e0,question:SHAPE_TEXT_MISSING,main.bicep#L2996,passed
Architecture Diagram to IaC Compiler.pptx:slide13.xml:30,ev-fcd89a6d6476c37b,node,ev-fcd89a6d6476c37b,ev-fcd89a6d6476c37b,none,main.bicep#L3004,passed
Architecture Diagram to IaC Compiler.pptx:slide13.xml:31,ev-fa4f250920ebcdbc,node,ev-fa4f250920ebcdbc,ev-fa4f250920ebcdbc,question:SHAPE_TEXT_MISSING,main.bicep#L3012,passed
Architecture Diagram to IaC Compiler.pptx:slide13.xml:33,ev-a988077c986ba2e4,node,ev-a988077c986ba2e4,ev-a988077c986ba2e4,none,main.bicep#L3020,passed
Architecture Diagram to IaC Compiler.pptx:slide13.xml:34,ev-23b927c6443b3c2d,node,ev-23b927c6443b3c2d,ev-23b927c6443b3c2d,question:SHAPE_TEXT_MISSING,main.bicep#L3028,passed
Architecture Diagram to IaC Compiler.pptx:slide13.xml:36,ev-701c36826192c86f,node,ev-701c36826192c86f,ev-701c36826192c86f,none,main.bicep#L3036,passed
Architecture Diagram to IaC Compiler.pptx:slide13.xml:37,ev-647b7a554d9ac774,node,ev-647b7a554d9ac774,ev-647b7a554d9ac774,none,main.bicep#L3044,passed
Architecture Diagram to IaC Compiler.pptx:slide13.xml:38,ev-19b4aa311b556f61,node,ev-19b4aa311b556f61,ev-19b4aa311b556f61,none,main.bicep#L3052,passed
Architecture Diagram to IaC Compiler.pptx:slide14.xml:2,ev-d45bae588b5111e1,node,ev-d45bae588b5111e1,ev-d45bae588b5111e1,question:DECORATIVE_SHAPE_UNLABELED,main.bicep#L3060,passed
Architecture Diagram to IaC Compiler.pptx:slide14.xml:3,ev-d9865094ccebfe8b,node,ev-d9865094ccebfe8b,ev-d9865094ccebfe8b,question:DECORATIVE_SHAPE_UNLABELED,main.bicep#L3068,passed
Architecture Diagram to IaC Compiler.pptx:slide14.xml:4,ev-7e53667c42cd8583,node,ev-7e53667c42cd8583,ev-7e53667c42cd8583,none,main.bicep#L3076,passed
Architecture Diagram to IaC Compiler.pptx:slide14.xml:5,ev-1f3a7ed734e1c572,node,ev-1f3a7ed734e1c572,ev-1f3a7ed734e1c572,none,main.bicep#L3084,passed
Architecture Diagram to IaC Compiler.pptx:slide14.xml:6,ev-f6c803ee836e3434,node,ev-f6c803ee836e3434,ev-f6c803ee836e3434,question:DECORATIVE_SHAPE_UNLABELED,main.bicep#L3092,passed
Architecture Diagram to IaC Compiler.pptx:slide14.xml:7,ev-28df8267b486880b,node,ev-28df8267b486880b,ev-28df8267b486880b,none,main.bicep#L3100,passed
Architecture Diagram to IaC Compiler.pptx:slide14.xml:8,ev-48494b443c612fcc,node,ev-48494b443c612fcc,ev-48494b443c612fcc,question:DECORATIVE_SHAPE_UNLABELED,main.bicep#L3108,passed
Architecture Diagram to IaC Compiler.pptx:slide14.xml:9,ev-b1d25e8f9922d710,node,ev-b1d25e8f9922d710,ev-b1d25e8f9922d710,none,main.bicep#L3116,passed
Architecture Diagram to IaC Compiler.pptx:slide14.xml:10,ev-1cd42bee55665d49,node,ev-1cd42bee55665d49,ev-1cd42bee55665d49,question:DECORATIVE_SHAPE_UNLABELED,main.bicep#L3124,passed
Architecture Diagram to IaC Compiler.pptx:slide14.xml:11,ev-be5664a1e4ab8a34,node,ev-be5664a1e4ab8a34,ev-be5664a1e4ab8a34,none,main.bicep#L3132,passed
Architecture Diagram to IaC Compiler.pptx:slide14.xml:12,ev-2b5cd3638bd2e752,node,ev-2b5cd3638bd2e752,ev-2b5cd3638bd2e752,question:DECORATIVE_SHAPE_UNLABELED,main.bicep#L3140,passed
Architecture Diagram to IaC Compiler.pptx:slide14.xml:13,ev-8fc4a1ffcee7e24e,node,ev-8fc4a1ffcee7e24e,ev-8fc4a1ffcee7e24e,none,main.bicep#L3148,passed
Architecture Diagram to IaC Compiler.pptx:slide14.xml:14,ev-c28fc1eb24501787,node,ev-c28fc1eb24501787,ev-c28fc1eb24501787,question:DECORATIVE_SHAPE_UNLABELED,main.bicep#L3156,passed
Architecture Diagram to IaC Compiler.pptx:slide14.xml:15,ev-949fc8d3aa6d8702,node,ev-949fc8d3aa6d8702,ev-949fc8d3aa6d8702,none,main.bicep#L3164,passed
Architecture Diagram to IaC Compiler.pptx:slide14.xml:16,ev-78f97b6ee4e74606,node,ev-78f97b6ee4e74606,ev-78f97b6ee4e74606,question:DECORATIVE_SHAPE_UNLABELED,main.bicep#L3172,passed
Architecture Diagram to IaC Compiler.pptx:slide14.xml:17,ev-a8ec92c41556d6a9,node,ev-a8ec92c41556d6a9,ev-a8ec92c41556d6a9,none,main.bicep#L3180,passed
Architecture Diagram to IaC Compiler.pptx:slide14.xml:18,ev-f19615710342d55f,node,ev-f19615710342d55f,ev-f19615710342d55f,question:DECORATIVE_SHAPE_UNLABELED,main.bicep#L3188,passed
Architecture Diagram to IaC Compiler.pptx:slide14.xml:19,ev-4aa2919b6d82f922,node,ev-4aa2919b6d82f922,ev-4aa2919b6d82f922,none,main.bicep#L3196,passed
Architecture Diagram to IaC Compiler.pptx:slide14.xml:20,ev-9b2d73c680115bda,node,ev-9b2d73c680115bda,ev-9b2d73c680115bda,question:DECORATIVE_SHAPE_UNLABELED,main.bicep#L3204,passed
Architecture Diagram to IaC Compiler.pptx:slide14.xml:21,ev-bac1e199ccc4398f,node,ev-bac1e199ccc4398f,ev-bac1e199ccc4398f,none,main.bicep#L3212,passed
Architecture Diagram to IaC Compiler.pptx:slide14.xml:22,ev-831083dc598abf97,node,ev-831083dc598abf97,ev-831083dc598abf97,question:DECORATIVE_SHAPE_UNLABELED,main.bicep#L3220,passed
Architecture Diagram to IaC Compiler.pptx:slide14.xml:23,ev-b75a4eb42622293b,node,ev-b75a4eb42622293b,ev-b75a4eb42622293b,none,main.bicep#L3228,passed
Architecture Diagram to IaC Compiler.pptx:slide14.xml:24,ev-393d9946c9071a5d,node,ev-393d9946c9071a5d,ev-393d9946c9071a5d,question:DECORATIVE_SHAPE_UNLABELED,main.bicep#L3236,passed
Architecture Diagram to IaC Compiler.pptx:slide14.xml:25,ev-656e0263d41e5755,node,ev-656e0263d41e5755,ev-656e0263d41e5755,none,main.bicep#L3244,passed
Architecture Diagram to IaC Compiler.pptx:slide14.xml:26,ev-65fc4a7a3e39c8d7,node,ev-65fc4a7a3e39c8d7,ev-65fc4a7a3e39c8d7,question:DECORATIVE_SHAPE_UNLABELED,main.bicep#L3252,passed
Architecture Diagram to IaC Compiler.pptx:slide14.xml:27,ev-9b82d0aa671bb665,node,ev-9b82d0aa671bb665,ev-9b82d0aa671bb665,none,main.bicep#L3260,passed
Architecture Diagram to IaC Compiler.pptx:slide14.xml:28,ev-ac342770b71bc6c6,node,ev-ac342770b71bc6c6,ev-ac342770b71bc6c6,question:DECORATIVE_SHAPE_UNLABELED,main.bicep#L3268,passed
Architecture Diagram to IaC Compiler.pptx:slide14.xml:30,ev-f04e23744c15bfa5,node,ev-f04e23744c15bfa5,ev-f04e23744c15bfa5,none,main.bicep#L3276,passed
Architecture Diagram to IaC Compiler.pptx:slide14.xml:31,ev-a707e15adbf29024,node,ev-a707e15adbf29024,ev-a707e15adbf29024,question:DECORATIVE_SHAPE_UNLABELED,main.bicep#L3284,passed
Architecture Diagram to IaC Compiler.pptx:slide14.xml:33,ev-ca73c9998b44abad,node,ev-ca73c9998b44abad,ev-ca73c9998b44abad,none,main.bicep#L3292,passed
Architecture Diagram to IaC Compiler.pptx:slide14.xml:34,ev-87e39a77084a8c6e,node,ev-87e39a77084a8c6e,ev-87e39a77084a8c6e,question:DECORATIVE_SHAPE_UNLABELED,main.bicep#L3300,passed
Architecture Diagram to IaC Compiler.pptx:slide14.xml:36,ev-8ce585c0a1ee573d,node,ev-8ce585c0a1ee573d,ev-8ce585c0a1ee573d,none,main.bicep#L3308,passed
Architecture Diagram to IaC Compiler.pptx:slide14.xml:37,ev-979c16893892ac64,node,ev-979c16893892ac64,ev-979c16893892ac64,none,main.bicep#L3316,passed
Architecture Diagram to IaC Compiler.pptx:slide14.xml:38,ev-a4ecb25a5c84b472,node,ev-a4ecb25a5c84b472,ev-a4ecb25a5c84b472,none,main.bicep#L3324,passed
Architecture Diagram to IaC Compiler.pptx:slide15.xml:2,ev-20c29c1ebffe4e28,node,ev-20c29c1ebffe4e28,ev-20c29c1ebffe4e28,question:DECORATIVE_SHAPE_UNLABELED,main.bicep#L3332,passed
Architecture Diagram to IaC Compiler.pptx:slide15.xml:3,ev-e987cabf54eb4432,node,ev-e987cabf54eb4432,ev-e987cabf54eb4432,question:DECORATIVE_SHAPE_UNLABELED,main.bicep#L3340,passed
Architecture Diagram to IaC Compiler.pptx:slide15.xml:4,ev-327279756ed135a8,node,ev-327279756ed135a8,ev-327279756ed135a8,none,main.bicep#L3348,passed
Architecture Diagram to IaC Compiler.pptx:slide15.xml:5,ev-f383eb5a70c19f0f,node,ev-f383eb5a70c19f0f,ev-f383eb5a70c19f0f,none,main.bicep#L3356,passed
Architecture Diagram to IaC Compiler.pptx:slide15.xml:6,ev-55a6c94676173997,node,ev-55a6c94676173997,ev-55a6c94676173997,question:DECORATIVE_SHAPE_UNLABELED,main.bicep#L3364,passed
Architecture Diagram to IaC Compiler.pptx:slide15.xml:7,ev-7c8c9e49443a2940,node,ev-7c8c9e49443a2940,ev-7c8c9e49443a2940,question:DECORATIVE_SHAPE_UNLABELED,main.bicep#L3372,passed
Architecture Diagram to IaC Compiler.pptx:slide15.xml:8,ev-3c6456a88cffdd97,node,ev-3c6456a88cffdd97,ev-3c6456a88cffdd97,question:DECORATIVE_SHAPE_UNLABELED,main.bicep#L3380,passed
Architecture Diagram to IaC Compiler.pptx:slide15.xml:10,ev-fa085a6443b36d7f,node,ev-fa085a6443b36d7f,ev-fa085a6443b36d7f,none,main.bicep#L3388,passed
Architecture Diagram to IaC Compiler.pptx:slide15.xml:11,ev-44c92082857bcded,node,ev-44c92082857bcded,ev-44c92082857bcded,question:DECORATIVE_SHAPE_UNLABELED,main.bicep#L3396,passed
Architecture Diagram to IaC Compiler.pptx:slide15.xml:12,ev-3ae46715a0318334,node,ev-3ae46715a0318334,ev-3ae46715a0318334,none,main.bicep#L3404,passed
Architecture Diagram to IaC Compiler.pptx:slide15.xml:13,ev-1184020f8a7ce16e,node,ev-1184020f8a7ce16e,ev-1184020f8a7ce16e,question:DECORATIVE_SHAPE_UNLABELED,main.bicep#L3412,passed
Architecture Diagram to IaC Compiler.pptx:slide15.xml:14,ev-754816c008d169e9,node,ev-754816c008d169e9,ev-754816c008d169e9,none,main.bicep#L3420,passed
Architecture Diagram to IaC Compiler.pptx:slide15.xml:15,ev-fc799d622b2a7271,node,ev-fc799d622b2a7271,ev-fc799d622b2a7271,question:DECORATIVE_SHAPE_UNLABELED,main.bicep#L3428,passed
Architecture Diagram to IaC Compiler.pptx:slide15.xml:16,ev-603454d62d891b8a,node,ev-603454d62d891b8a,ev-603454d62d891b8a,none,main.bicep#L3436,passed
Architecture Diagram to IaC Compiler.pptx:slide15.xml:17,ev-ac2b2588d9ee104c,node,ev-ac2b2588d9ee104c,ev-ac2b2588d9ee104c,question:DECORATIVE_SHAPE_UNLABELED,main.bicep#L3444,passed
Architecture Diagram to IaC Compiler.pptx:slide15.xml:18,ev-46b04dce6ef35021,node,ev-46b04dce6ef35021,ev-46b04dce6ef35021,question:DECORATIVE_SHAPE_UNLABELED,main.bicep#L3452,passed
Architecture Diagram to IaC Compiler.pptx:slide15.xml:19,ev-79216ef7b6c7e7e6,node,ev-79216ef7b6c7e7e6,ev-79216ef7b6c7e7e6,question:DECORATIVE_SHAPE_UNLABELED,main.bicep#L3460,passed
Architecture Diagram to IaC Compiler.pptx:slide15.xml:21,ev-05393605497f67e6,node,ev-05393605497f67e6,ev-05393605497f67e6,none,main.bicep#L3468,passed
Architecture Diagram to IaC Compiler.pptx:slide15.xml:22,ev-acc84da6c28be7af,node,ev-acc84da6c28be7af,ev-acc84da6c28be7af,question:DECORATIVE_SHAPE_UNLABELED,main.bicep#L3476,passed
Architecture Diagram to IaC Compiler.pptx:slide15.xml:23,ev-02fdb31d47505068,node,ev-02fdb31d47505068,ev-02fdb31d47505068,none,main.bicep#L21,passed
Architecture Diagram to IaC Compiler.pptx:slide15.xml:24,ev-8d2ad686ef5e5c68,node,ev-8d2ad686ef5e5c68,ev-8d2ad686ef5e5c68,question:DECORATIVE_SHAPE_UNLABELED,main.bicep#L3484,passed
Architecture Diagram to IaC Compiler.pptx:slide15.xml:25,ev-157969f9c79ce1e4,node,ev-157969f9c79ce1e4,ev-157969f9c79ce1e4,none,main.bicep#L3492,passed
Architecture Diagram to IaC Compiler.pptx:slide15.xml:26,ev-43f54671747ce5e5,node,ev-43f54671747ce5e5,ev-43f54671747ce5e5,question:DECORATIVE_SHAPE_UNLABELED,main.bicep#L3500,passed
Architecture Diagram to IaC Compiler.pptx:slide15.xml:27,ev-a8bb94e2f1ff0da5,node,ev-a8bb94e2f1ff0da5,ev-a8bb94e2f1ff0da5,none,main.bicep#L35,passed
Architecture Diagram to IaC Compiler.pptx:slide15.xml:28,ev-cd8a4a90473103f6,node,ev-cd8a4a90473103f6,ev-cd8a4a90473103f6,question:DECORATIVE_SHAPE_UNLABELED,main.bicep#L3508,passed
Architecture Diagram to IaC Compiler.pptx:slide15.xml:29,ev-99ebe722c1ed7ff9,node,ev-99ebe722c1ed7ff9,ev-99ebe722c1ed7ff9,none,main.bicep#L3516,passed
Architecture Diagram to IaC Compiler.pptx:slide15.xml:30,ev-b83bbe9dcb78d62b,node,ev-b83bbe9dcb78d62b,ev-b83bbe9dcb78d62b,question:DECORATIVE_SHAPE_UNLABELED,main.bicep#L3524,passed
Architecture Diagram to IaC Compiler.pptx:slide15.xml:31,ev-872c8b50ea71db02,node,ev-872c8b50ea71db02,ev-872c8b50ea71db02,none,main.bicep#L3532,passed
Architecture Diagram to IaC Compiler.pptx:slide15.xml:32,ev-1887b65a8b3aaa73,node,ev-1887b65a8b3aaa73,ev-1887b65a8b3aaa73,question:DECORATIVE_SHAPE_UNLABELED,main.bicep#L3540,passed
Architecture Diagram to IaC Compiler.pptx:slide15.xml:33,ev-8f9913ab4c217cfc,node,ev-8f9913ab4c217cfc,ev-8f9913ab4c217cfc,question:DECORATIVE_SHAPE_UNLABELED,main.bicep#L3548,passed
Architecture Diagram to IaC Compiler.pptx:slide15.xml:34,ev-6b50345f7432fa32,node,ev-6b50345f7432fa32,ev-6b50345f7432fa32,question:DECORATIVE_SHAPE_UNLABELED,main.bicep#L3556,passed
Architecture Diagram to IaC Compiler.pptx:slide15.xml:36,ev-2aff140c18c3ac5b,node,ev-2aff140c18c3ac5b,ev-2aff140c18c3ac5b,none,main.bicep#L3564,passed
Architecture Diagram to IaC Compiler.pptx:slide15.xml:37,ev-4729608b619a01fe,node,ev-4729608b619a01fe,ev-4729608b619a01fe,question:DECORATIVE_SHAPE_UNLABELED,main.bicep#L3572,passed
Architecture Diagram to IaC Compiler.pptx:slide15.xml:38,ev-80f090052a105705,node,ev-80f090052a105705,ev-80f090052a105705,none,main.bicep#L3580,passed
Architecture Diagram to IaC Compiler.pptx:slide15.xml:39,ev-f40b3ae4217c3cfe,node,ev-f40b3ae4217c3cfe,ev-f40b3ae4217c3cfe,question:DECORATIVE_SHAPE_UNLABELED,main.bicep#L3588,passed
Architecture Diagram to IaC Compiler.pptx:slide15.xml:40,ev-baab45d89a312a81,node,ev-baab45d89a312a81,ev-baab45d89a312a81,none,main.bicep#L3596,passed
Architecture Diagram to IaC Compiler.pptx:slide15.xml:41,ev-8f773f582f022541,node,ev-8f773f582f022541,ev-8f773f582f022541,question:DECORATIVE_SHAPE_UNLABELED,main.bicep#L3604,passed
Architecture Diagram to IaC Compiler.pptx:slide15.xml:42,ev-9a8ab69f9426cdbd,node,ev-9a8ab69f9426cdbd,ev-9a8ab69f9426cdbd,none,main.bicep#L3612,passed
Architecture Diagram to IaC Compiler.pptx:slide15.xml:43,ev-b0a5cbf715307f6c,node,ev-b0a5cbf715307f6c,ev-b0a5cbf715307f6c,question:DECORATIVE_SHAPE_UNLABELED,main.bicep#L3620,passed
Architecture Diagram to IaC Compiler.pptx:slide15.xml:44,ev-cd3754d63177df63,node,ev-cd3754d63177df63,ev-cd3754d63177df63,none,main.bicep#L3628,passed
Architecture Diagram to IaC Compiler.pptx:slide15.xml:45,ev-ecc9be87130a6e5b,node,ev-ecc9be87130a6e5b,ev-ecc9be87130a6e5b,question:DECORATIVE_SHAPE_UNLABELED,main.bicep#L3636,passed
Architecture Diagram to IaC Compiler.pptx:slide15.xml:46,ev-4a632d5f73a5efc8,node,ev-4a632d5f73a5efc8,ev-4a632d5f73a5efc8,none,main.bicep#L3644,passed
Architecture Diagram to IaC Compiler.pptx:slide15.xml:47,ev-4de259c0d7525cb9,node,ev-4de259c0d7525cb9,ev-4de259c0d7525cb9,none,main.bicep#L3652,passed
Architecture Diagram to IaC Compiler.pptx:slide15.xml:48,ev-2e239726ef4c9b9f,node,ev-2e239726ef4c9b9f,ev-2e239726ef4c9b9f,none,main.bicep#L3660,passed
Architecture Diagram to IaC Compiler.pptx:slide16.xml:2,ev-96c3816e056a2808,node,ev-96c3816e056a2808,ev-96c3816e056a2808,question:DECORATIVE_SHAPE_UNLABELED,main.bicep#L3668,passed
Architecture Diagram to IaC Compiler.pptx:slide16.xml:3,ev-a77aa4a3e3db7d52,node,ev-a77aa4a3e3db7d52,ev-a77aa4a3e3db7d52,question:DECORATIVE_SHAPE_UNLABELED,main.bicep#L3676,passed
Architecture Diagram to IaC Compiler.pptx:slide16.xml:4,ev-7b299ee5b8769a86,node,ev-7b299ee5b8769a86,ev-7b299ee5b8769a86,none,main.bicep#L3684,passed
Architecture Diagram to IaC Compiler.pptx:slide16.xml:5,ev-b72eee3125d23ba6,node,ev-b72eee3125d23ba6,ev-b72eee3125d23ba6,none,main.bicep#L3692,passed
Architecture Diagram to IaC Compiler.pptx:slide16.xml:6,ev-25bd4b4d2a4e1c99,edge,ev-25bd4b4d2a4e1c99,,question:LOW_EDGE_CONFIDENCE,main.bicep#L4266,passed
Architecture Diagram to IaC Compiler.pptx:slide16.xml:7,ev-878ffc0e5b8de0a6,node,ev-878ffc0e5b8de0a6,ev-878ffc0e5b8de0a6,question:DECORATIVE_SHAPE_UNLABELED,main.bicep#L3700,passed
Architecture Diagram to IaC Compiler.pptx:slide16.xml:8,ev-c454084edba05fdb,node,ev-c454084edba05fdb,ev-c454084edba05fdb,none,main.bicep#L3708,passed
Architecture Diagram to IaC Compiler.pptx:slide16.xml:9,ev-4e255646f33994ba,node,ev-4e255646f33994ba,ev-4e255646f33994ba,question:DECORATIVE_SHAPE_UNLABELED,main.bicep#L3716,passed
Architecture Diagram to IaC Compiler.pptx:slide16.xml:10,ev-b01a59642b45ff2d,node,ev-b01a59642b45ff2d,ev-b01a59642b45ff2d,none,main.bicep#L3724,passed
Architecture Diagram to IaC Compiler.pptx:slide16.xml:11,ev-e983da3783d5b913,node,ev-e983da3783d5b913,ev-e983da3783d5b913,none,main.bicep#L3732,passed
Architecture Diagram to IaC Compiler.pptx:slide16.xml:12,ev-ea42ffcaaabfa6b2,node,ev-ea42ffcaaabfa6b2,ev-ea42ffcaaabfa6b2,question:DECORATIVE_SHAPE_UNLABELED,main.bicep#L3740,passed
Architecture Diagram to IaC Compiler.pptx:slide16.xml:13,ev-75063b4af078270f,node,ev-75063b4af078270f,ev-75063b4af078270f,none,main.bicep#L3748,passed
Architecture Diagram to IaC Compiler.pptx:slide16.xml:14,ev-eaa3144a4e3152bb,node,ev-eaa3144a4e3152bb,ev-eaa3144a4e3152bb,question:DECORATIVE_SHAPE_UNLABELED,main.bicep#L3756,passed
Architecture Diagram to IaC Compiler.pptx:slide16.xml:15,ev-4952abc4b205dfc0,node,ev-4952abc4b205dfc0,ev-4952abc4b205dfc0,none,main.bicep#L3764,passed
Architecture Diagram to IaC Compiler.pptx:slide16.xml:16,ev-2ac9addb6ff06f8f,node,ev-2ac9addb6ff06f8f,ev-2ac9addb6ff06f8f,none,main.bicep#L3772,passed
Architecture Diagram to IaC Compiler.pptx:slide16.xml:17,ev-195b4b0815e9155d,node,ev-195b4b0815e9155d,ev-195b4b0815e9155d,question:DECORATIVE_SHAPE_UNLABELED,main.bicep#L3780,passed
Architecture Diagram to IaC Compiler.pptx:slide16.xml:18,ev-c8b116c895f459a6,node,ev-c8b116c895f459a6,ev-c8b116c895f459a6,none,main.bicep#L3788,passed
Architecture Diagram to IaC Compiler.pptx:slide16.xml:19,ev-4f507e855cbbf92b,node,ev-4f507e855cbbf92b,ev-4f507e855cbbf92b,question:DECORATIVE_SHAPE_UNLABELED,main.bicep#L3796,passed
Architecture Diagram to IaC Compiler.pptx:slide16.xml:20,ev-b0613666adf2a906,node,ev-b0613666adf2a906,ev-b0613666adf2a906,none,main.bicep#L3804,passed
Architecture Diagram to IaC Compiler.pptx:slide16.xml:21,ev-41d7f059e1a75144,node,ev-41d7f059e1a75144,ev-41d7f059e1a75144,none,main.bicep#L3812,passed
Architecture Diagram to IaC Compiler.pptx:slide16.xml:22,ev-2d4208019a76dc43,node,ev-2d4208019a76dc43,ev-2d4208019a76dc43,question:DECORATIVE_SHAPE_UNLABELED,main.bicep#L3820,passed
Architecture Diagram to IaC Compiler.pptx:slide16.xml:23,ev-a0fbc24de90b45fd,node,ev-a0fbc24de90b45fd,ev-a0fbc24de90b45fd,none,main.bicep#L3828,passed
Architecture Diagram to IaC Compiler.pptx:slide16.xml:24,ev-bad2dd9fc773edae,node,ev-bad2dd9fc773edae,ev-bad2dd9fc773edae,question:DECORATIVE_SHAPE_UNLABELED,main.bicep#L3836,passed
Architecture Diagram to IaC Compiler.pptx:slide16.xml:25,ev-f6649a9e6be1efcb,node,ev-f6649a9e6be1efcb,ev-f6649a9e6be1efcb,none,main.bicep#L3844,passed
Architecture Diagram to IaC Compiler.pptx:slide16.xml:26,ev-dda2e00fdc953ab3,node,ev-dda2e00fdc953ab3,ev-dda2e00fdc953ab3,none,main.bicep#L3852,passed
Architecture Diagram to IaC Compiler.pptx:slide16.xml:27,ev-44cf3c7974550f7c,node,ev-44cf3c7974550f7c,ev-44cf3c7974550f7c,question:DECORATIVE_SHAPE_UNLABELED,main.bicep#L3860,passed
Architecture Diagram to IaC Compiler.pptx:slide16.xml:28,ev-edccc52ad07c11df,node,ev-edccc52ad07c11df,ev-edccc52ad07c11df,none,main.bicep#L3868,passed
Architecture Diagram to IaC Compiler.pptx:slide16.xml:29,ev-0b5e815d641c9bcc,node,ev-0b5e815d641c9bcc,ev-0b5e815d641c9bcc,question:DECORATIVE_SHAPE_UNLABELED,main.bicep#L3876,passed
Architecture Diagram to IaC Compiler.pptx:slide16.xml:30,ev-514696209c5b20af,node,ev-514696209c5b20af,ev-514696209c5b20af,none,main.bicep#L3884,passed
Architecture Diagram to IaC Compiler.pptx:slide16.xml:31,ev-fbe0c871caaaba03,node,ev-fbe0c871caaaba03,ev-fbe0c871caaaba03,none,main.bicep#L3892,passed
Architecture Diagram to IaC Compiler.pptx:slide16.xml:32,ev-06e68bad2a5a407b,node,ev-06e68bad2a5a407b,ev-06e68bad2a5a407b,question:DECORATIVE_SHAPE_UNLABELED,main.bicep#L3900,passed
Architecture Diagram to IaC Compiler.pptx:slide16.xml:33,ev-9bbfbddbf39f4ebd,node,ev-9bbfbddbf39f4ebd,ev-9bbfbddbf39f4ebd,none,main.bicep#L3908,passed
Architecture Diagram to IaC Compiler.pptx:slide16.xml:34,ev-32a6a151a895e629,node,ev-32a6a151a895e629,ev-32a6a151a895e629,question:DECORATIVE_SHAPE_UNLABELED,main.bicep#L3916,passed
Architecture Diagram to IaC Compiler.pptx:slide16.xml:35,ev-90c32e05753fc69e,node,ev-90c32e05753fc69e,ev-90c32e05753fc69e,none,main.bicep#L3924,passed
Architecture Diagram to IaC Compiler.pptx:slide16.xml:36,ev-436c1d0415442687,node,ev-436c1d0415442687,ev-436c1d0415442687,none,main.bicep#L3932,passed
Architecture Diagram to IaC Compiler.pptx:slide16.xml:37,ev-1587c7da9d379328,node,ev-1587c7da9d379328,ev-1587c7da9d379328,question:DECORATIVE_SHAPE_UNLABELED,main.bicep#L3940,passed
Architecture Diagram to IaC Compiler.pptx:slide16.xml:38,ev-8eadd238b73c8eef,node,ev-8eadd238b73c8eef,ev-8eadd238b73c8eef,none,main.bicep#L3948,passed
Architecture Diagram to IaC Compiler.pptx:slide16.xml:39,ev-d801152ed0069759,node,ev-d801152ed0069759,ev-d801152ed0069759,question:DECORATIVE_SHAPE_UNLABELED,main.bicep#L3956,passed
Architecture Diagram to IaC Compiler.pptx:slide16.xml:40,ev-05deff7ed6b11209,node,ev-05deff7ed6b11209,ev-05deff7ed6b11209,none,main.bicep#L3964,passed
Architecture Diagram to IaC Compiler.pptx:slide16.xml:41,ev-0fb007f65c197bc3,node,ev-0fb007f65c197bc3,ev-0fb007f65c197bc3,none,main.bicep#L3972,passed
Architecture Diagram to IaC Compiler.pptx:slide16.xml:42,ev-e294ebd5380339c9,node,ev-e294ebd5380339c9,ev-e294ebd5380339c9,none,main.bicep#L3980,passed
Architecture Diagram to IaC Compiler.pptx:slide16.xml:43,ev-5f533def541eed55,node,ev-5f533def541eed55,ev-5f533def541eed55,none,main.bicep#L3988,passed
Architecture Diagram to IaC Compiler.pptx:slide17.xml:2,ev-937c678a5bd004a4,node,ev-937c678a5bd004a4,ev-937c678a5bd004a4,question:DECORATIVE_SHAPE_UNLABELED,main.bicep#L3996,passed
Architecture Diagram to IaC Compiler.pptx:slide17.xml:3,ev-922be4409aa28630,node,ev-922be4409aa28630,ev-922be4409aa28630,none,main.bicep#L4004,passed
Architecture Diagram to IaC Compiler.pptx:slide17.xml:4,ev-c381e059f50fca88,node,ev-c381e059f50fca88,ev-c381e059f50fca88,none,main.bicep#L4012,passed
Architecture Diagram to IaC Compiler.pptx:slide17.xml:5,ev-6158e67a8a72f337,node,ev-6158e67a8a72f337,ev-6158e67a8a72f337,question:DECORATIVE_SHAPE_UNLABELED,main.bicep#L4020,passed
Architecture Diagram to IaC Compiler.pptx:slide17.xml:7,ev-794cd818b007ac5f,node,ev-794cd818b007ac5f,ev-794cd818b007ac5f,none,main.bicep#L4028,passed
Architecture Diagram to IaC Compiler.pptx:slide17.xml:8,ev-da07ce01adb8c289,edge,ev-da07ce01adb8c289,,question:LOW_EDGE_CONFIDENCE,main.bicep#L4272,passed
Architecture Diagram to IaC Compiler.pptx:slide17.xml:9,ev-45ca70e28afbc673,node,ev-45ca70e28afbc673,ev-45ca70e28afbc673,question:DECORATIVE_SHAPE_UNLABELED,main.bicep#L4036,passed
Architecture Diagram to IaC Compiler.pptx:slide17.xml:11,ev-472e9cc0cb0a0977,node,ev-472e9cc0cb0a0977,ev-472e9cc0cb0a0977,none,main.bicep#L4044,passed
Architecture Diagram to IaC Compiler.pptx:slide17.xml:12,ev-c17d9f9628a0f18a,edge,ev-c17d9f9628a0f18a,,question:LOW_EDGE_CONFIDENCE,main.bicep#L4278,passed
Architecture Diagram to IaC Compiler.pptx:slide17.xml:13,ev-9d5d1161466e3a8a,node,ev-9d5d1161466e3a8a,ev-9d5d1161466e3a8a,question:DECORATIVE_SHAPE_UNLABELED,main.bicep#L4052,passed
Architecture Diagram to IaC Compiler.pptx:slide17.xml:15,ev-43615029073ebf9a,node,ev-43615029073ebf9a,ev-43615029073ebf9a,none,main.bicep#L4060,passed
Architecture Diagram to IaC Compiler.pptx:slide17.xml:16,ev-fce3fbb1885ef8f9,edge,ev-fce3fbb1885ef8f9,,question:LOW_EDGE_CONFIDENCE,main.bicep#L4284,passed
Architecture Diagram to IaC Compiler.pptx:slide17.xml:17,ev-487ca8cc3dc21c5b,node,ev-487ca8cc3dc21c5b,ev-487ca8cc3dc21c5b,question:DECORATIVE_SHAPE_UNLABELED,main.bicep#L4068,passed
Architecture Diagram to IaC Compiler.pptx:slide17.xml:19,ev-a9a95e62cb7c4a93,node,ev-a9a95e62cb7c4a93,ev-a9a95e62cb7c4a93,none,main.bicep#L4076,passed
Architecture Diagram to IaC Compiler.pptx:slide17.xml:20,ev-f7727c2a16f438c7,node,ev-f7727c2a16f438c7,ev-f7727c2a16f438c7,none,main.bicep#L4084,passed
Architecture Diagram to IaC Compiler.pptx:slide17.xml:21,ev-7777b2abf870ece2,node,ev-7777b2abf870ece2,ev-7777b2abf870ece2,none,main.bicep#L4092,passed
